
        insert into departments(code,name) values
            ('CEX','Facultad de Ciencias Exactas y Naturales');
        insert into departments(code,name) values
            ('FYB','Facultad de Farmacia y Bioquímica');
        insert into departments(code,name) values
            ('AG','Facultad de Agronomía');
    insert into departments(code,name) values ('87','Ingeniería Mecánica'),
   ('67','Ingeniería Mecánica');
insert into departments(code,name) values ('84','Estabilidad'),
   ('64','Estabilidad');
insert into departments(code,name) values ('76','Ingeniería Química');
insert into departments(code,name) values ('68','Transporte'),
   ('88','Transporte');
insert into departments(code,name) values ('72','Tecnología Industrial'),
   ('92','Tecnología Industrial');
insert into departments(code,name) values ('85','Electrotecnia'),
   ('65','Electrotecnia');
insert into departments(code,name) values ('61','Matemática'),
   ('81','Matemática');
insert into departments(code,name) values ('78','Idiomas'),
   ('98','Idiomas');
insert into departments(code,name) values ('66','Electrónica'),
   ('86','Electrónica');
insert into departments(code,name) values ('97','Seguridad del trabajo y ambiente'),
   ('77','Seguridad del trabajo y ambiente');
insert into departments(code,name) values ('75','Computación'),
   ('95','Computación');
insert into departments(code,name) values ('74','Construcciones y Estructuras'),
   ('94','Construcciones y Estructuras');
insert into departments(code,name) values ('73','Ingeniería Naval'),
   ('93','Ingeniería Naval');
insert into departments(code,name) values ('62','Física'),
   ('82','Física');
insert into departments(code,name) values ('91','Gestión'),
   ('71','Gestión');
insert into departments(code,name) values ('70','Agrimensura'),
   ('90','Agrimensura');
insert into departments(code,name) values ('89','Hidráulica'),
   ('69','Hidráulica');
insert into departments(code,name) values ('83','Química'),
   ('63','Química');
insert into subjects(department_code,code,name) values ('72','09','Industrias Plásticas'),
    ('75','52','Taller de Programación II'),
    ('86','23','Accionamientos Variables'),
    ('CEX','6','Microbiología de Alimentos'),
    ('66','80','Sistemas de Microondas (área Comunicaciones)'),
    ('66','47','Procesamiento de Imágenes (Materias Complementarias)'),
    ('65','36','Medidas Eléctricas'),
    ('66','53','Instr. y Control de Procesos (área Control)'),
    ('73','55','Química General I'),
    ('71','62','Legislación Comercial y Laboral'),
    ('75','99','Trabajo Profesional de Ing. Informática'),
    ('69','99','Trabajo Profesional de Ing. Civil (Hidrául.)'),
    ('71','37','Dirección de Manufactura'),
    ('70','20','Fotointerpretación'),
    ('66','48','509 Seminario de Electrónica_ Pagola'),
    ('86','02','Introducción a la Ingeniería Electrónica'),
    ('97','03','Higiene y Seguridad en Obras Civiles'),
    ('61','22','Álgebra II C'),
    ('67','62','Elementos Finitos Avanzados'),
    ('71','61','Organización de la Producción Naval'),
    ('73','03','Arquitectura Naval II'),
    ('85','26','Dinámica del SEP'),
    ('82','02','Física II'),
    ('67','01','Medios de Representación A'),
    ('91','09','Economía'),
    ('86','57','Acústica'),
    ('70','03','Medios de Representación A'),
    ('95','02','Algoritmos y Programación III'),
    ('65','26','Electrónica de Potencia'),
    ('66','17','Sistemas Digitales (área Computadoras)'),
    ('95','11','Algoritmos y Programación I'),
    ('91','03','Estadística Aplicada I'),
    ('91','40','Legislación y Ejercicio Profesional en Sistemas e Informática'),
    ('73','15','Máquinas Marinas III'),
    ('64','14','Método de los Elementos Finitos'),
    ('71','36','Gestión de Calidad'),
    ('66','09','Laboratorio de Microcomputadoras'),
    ('66','61','Tecnología de Circuitos Integrados'),
    ('86','21','Instrumentación y Control de Procesos'),
    ('86','37','Organización de Computadoras'),
    ('71','10','Economía General'),
    ('71','34','Gestión Presupuestaria'),
    ('71','14','Modelos y Optimización 1'),
    ('70','24','Levantamientos Hidrográficos'),
    ('72','17','Industrias Petrolíferas'),
    ('66','25','Dispositivos Semiconductores'),
    ('75','10','Técnicas de Diseño'),
    ('70','35','Topografía IV'),
    ('83','02','Química Aplicada'),
    ('66','45','Laboratorio de Mediciones'),
    ('67','42','Control Numérico de Máquinas Herramientas (área Diseño Mecánico)'),
    ('66','76','Transmisión y Recepción de Comunicaciones (área Comunicaciones)'),
    ('70','26','Hidráulica Agrícola y Saneamiento'),
    ('61','19','Análisis Funcional'),
    ('75','75','Computación I'),
    ('75','17','Implantación de Sistemas'),
    ('89','10','Aprovechamientos Hidráulicos'),
    ('87','13','Medios de Representación'),
    ('87','14','Termodinámica'),
    ('67','09','Tecnología Mecánica II'),
    ('71','60','Relaciones Humanas'),
    ('76','26','Evaluación de Proyectos'),
    ('88','07','Tránsito'),
    ('62','11','Mecánica Racional'),
    ('67','99','Trabajo Profesional de Ing. Mecánica B (área Termomecánica)'),
    ('70','40','Geología Aplicada'),
    ('70','07','Cálculo de Compensación'),
    ('66','66','516 Seminario de Electrónica II_ Sinnewald'),
    ('72','00','Tesis de Ingeniería Industrial'),
    ('74','02','Mecánica de Suelos'),
    ('74','09','Maquinarias de la Construcción'),
    ('72','02','Industrias I'),
    ('91','31','Investigación Operativa II'),
    ('86','46','Microelectrónica'),
    ('75','21','Redes y Teleprocesamientos'),
    ('70','41','Oceanografía Física'),
    ('76','49','Operaciones Unitarias de Transferencia de Cantidad de Mov.'),
    ('65','23','Construcción de Máquinas y Equipos'),
    ('72','14','Diseño de Productos'),
    ('65','31','Estaciones Transformadores'),
    ('65','13','Teoría de Máquinas Eléctricas I'),
    ('85','18','Accionamientos'),
    ('67','45','Sist. Cont. en Instal. Térm.'),
    ('66','43','Ing. Biomédica'),
    ('95','21','Métodos y Modelos en la Ingeniería del Software II'),
    ('68','02','Diseño y Oper. de Caminos'),
    ('67','58','Intr. al Método de los Elementos Finitos'),
    ('70','28','Tasaciones y Valuaciones'),
    ('71','38','Legislación General'),
    ('64','05','Estática y Resistencia de Materiales B'),
    ('86','00','Tesis de Ingeniería Electrónica'),
    ('86','12','Comunicación de Datos'),
    ('71','12','Estructura de las Organizaciones'),
    ('70','37','Levantamiento y Práctica Profesional I'),
    ('70','11','Topografía III (anual)'),
    ('66','08','Circuitos Electrónicos I'),
    ('65','24','Cálculos de Máquinas Eléctricas'),
    ('73','62','Física I (Mecánica)'),
    ('85','22','Metrología y Técnicas de Calibración Eléctrica'),
    ('95','03','Sistemas Operativos'),
    ('92','19','Procesos de Manufactura II'),
    ('71','32','Investigación Operativa Superior'),
    ('65','29','Electrónica Industrial'),
    ('91','17','Recursos Humanos'),
    ('75','61','Taller de Programación III'),
    ('73','14','Navegación'),
    ('81','03','Probabilidad y Estadística A'),
    ('65','20','Calor y Electroquímica'),
    ('66','52','Laboratorio de Comunicaciones III'),
    ('83','04','Química del Petróleo'),
    ('63','02','Química I'),
    ('78','08','Inglés Técnico III'),
    ('66','42','Counicaciones Digitales II (área Comunicaciones)'),
    ('73','99','Trabajo Profesional de Ing. Naval y Mecánica'),
    ('65','99','Trabajo Profesional de Ing. Electricista'),
    ('81','01','Análisis Matemático II'),
    ('66','18','Teoría de Control (área Control)'),
    ('64','03','Comportamiento de Materiales'),
    ('67','25','Elementos de Máquinas (área Diseño Mecánico)'),
    ('87','11','Medios de Representación A'),
    ('85','08','Tecnología de Materiales Eléctricos'),
    ('66','60','Diseño y Análisis de Vlsi'),
    ('86','49','720 Seminario de Electrónica II_Sinnewald'),
    ('89','04','Modelos Hidráulicos'),
    ('67','37','Máquinas Energéticas'),
    ('67','15','Tecnología Mecánica I'),
    ('67','47','Metalografía (área Metalúrgica)'),
    ('66','64','Control Robusto'),
    ('66','74','Señales y Sistemas'),
    ('66','99','Trabajo Profesional de Ing. Electrónica'),
    ('75','08','Sist. Operativos'),
    ('86','15','Robótica'),
    ('92','00','Tesis de Ingeniería Industrial'),
    ('95','07','Teoría del Lenguaje'),
    ('72','07','Industrias III'),
    ('76','01','Introduc. a la Ingeniería Química I'),
    ('61','13','Análisis Matemático III C'),
    ('67','39','Dibujo para Ingenieros'),
    ('71','46','Ingeniería Económica'),
    ('66','55','Simulación de Sistemas de Control'),
    ('94','09','Geotécnica Aplicada'),
    ('76','13','Bioingeniería Industrial'),
    ('76','43','Instrumentación y Control'),
    ('91','20','Comercialización'),
    ('66','79','Lab. de Comunicaciones'),
    ('66','19','Circuitos de Pulsos'),
    ('72','18','Industrias II'),
    ('70','31','Información Rural'),
    ('89','16','Ingeniería Sanitaria II'),
    ('91','36','Gestión de Calidad'),
    ('91','14','Informática para Gestión de Empresas'),
    ('71','30','Agrimensura Legal III'),
    ('64','16','Análisis Experimental de Tensiones'),
    ('65','08','Mediciones Eléctricas II'),
    ('61','06','Probabilidad y Estádistica A'),
    ('95','68','Desarrollo con Nuevas Tecnologías'),
    ('73','07','Construcción Naval II'),
    ('62','23','Física IV (Hidráulica)'),
    ('66','24','Teoría de la Información y Codificación (área Computadoras)'),
    ('86','41','Sistemas Digitales'),
    ('66','39','Procesamiento de Señales II (área Comunicaciones)'),
    ('86','63','Procesamiento y Análisis de Señales e Imágenes en Bioingeniería'),
    ('73','41','Prácticas en Astilleros II'),
    ('85','37','Laboratorio de Instalaciones Eléctricas'),
    ('67','56','Técnicas Energéticas'),
    ('74','04','Construcciones'),
    ('75','44','Admin. y Control de Proyectos Inform. I'),
    ('81','09','Probabilidad'),
    ('75','62','Técnicas de Programac. Concurrente II'),
    ('76','02','Introducción a la Ingeniería Química II'),
    ('76','40','Introducción a la Bioquímica'),
    ('75','11','Algoritmos y Programación'),
    ('66','73','Instal. e Instrumentación Biomédica'),
    ('66','26','Arquitecturas Paralelas (área Computadoras)'),
    ('75','68','Sistemas de Soporte para Celdas de Producción Flexible'),
    ('71','08','Organización Industrial III'),
    ('70','27','Catastro'),
    ('73','06','Vibraciones de Estructuras'),
    ('88','04','Ferrocarriles B'),
    ('70','43','Topografía De Obra'),
    ('71','21','Leg. y Ejer. Prof. de la Ing. Civil'),
    ('85','07','Máquinas Eléctricas II'),
    ('71','35','Estadística Técnica Superior'),
    ('91','42','Administración de las Organizaciones'),
    ('85','20','Energías Renovables'),
    ('CEX','2','Toxicología de Alimentos'),
    ('73','90','Máquinas e Instalaciones Eléctricas Navales'),
    ('68','08','Planeamiento del Transporte'),
    ('95','24','Administración y Control de Proyectos Informáticos I'),
    ('75','23','Inteligencia Artificial'),
    ('75','57','Modelos de Proceso de Desarrollo'),
    ('74','05','Hormigón II'),
    ('67','26','Metrología'),
    ('95','14','Algoritmos y Programación I'),
    ('71','51','Ingeniería Económica II'),
    ('66','27','Electrónica de Potencia (área Control)'),
    ('70','29','Topografía y Geodesia'),
    ('65','02','Introducción a Circuitos Eléctricos'),
    ('75','04','Algoritmos y Programación II'),
    ('66','21','Comunicación de Datos (área Computadoras)'),
    ('86','61','Ingeniería Biomédica'),
    ('76','62','Trabajo Profesional II'),
    ('65','07','Mediciones Eléctricas I'),
    ('76','08','Ingeniería de las Reacciones Químicas'),
    ('71','23','Economía'),
    ('75','41','1061 Algoritmos y Programación II_ Carolo'),
    ('75','73','Arquitectura de Software'),
    ('94','01','Hormigón I'),
    ('82','07','Física III B'),
    ('72','04','Indust. de procesos de Conformación'),
    ('75','43','Introducción a los Sistemas Distribuídos'),
    ('62','20','Física I (Mecánica)'),
    ('66','69','Criptografía y Seguridad Informática'),
    ('75','19','Teoría de Comunicación'),
    ('94','18','Inspección y Ejecución de Estructuras de Hormigón'),
    ('85','14','Transmisión y Distribución de la Energía Eléctrica'),
    ('68','01','Construcción de Carreteras'),
    ('75','28','Base de Datos "B"'),
    ('73','79','Mecanizado'),
    ('72','11','Industrias Petroquímicas'),
    ('76','45','Termodinámica de los Procesos'),
    ('71','01','Intr. Economía y Organización de la Empresa'),
    ('72','03','Industrias II A'),
    ('72','99','Trabajo Profesional de Ing. Industrial'),
    ('92','08','Diseño de Productos'),
    ('66','00','Tesis de Ingeniería Electrónica'),
    ('86','60','Sistemas Biológicos'),
    ('67','46','Diseño de Instalaciones Térmicas (área Termomecánica)'),
    ('71','24','Agrimensura Legal II'),
    ('85','27','Comunicaciones y Telecontrol'),
    ('95','05','Base de Datos'),
    ('70','23','Microgeodesia'),
    ('71','17','Derecho Informático'),
    ('71','41','Análisis y Resol. de Probl.'),
    ('73','00','Tesis de Ingeniería Naval'),
    ('86','48','714 Seminario de Electrónica_Galarza'),
    ('67','34','Proy. Instal. Térmicas (área Termomecánica)'),
    ('94','20','Instalaciones en Obras Civiles II'),
    ('65','38','Medidas Eléctricas Especiales'),
    ('62','13','Física III C'),
    ('86','11','Teoría de la Información y la Codificación'),
    ('61','18','Ecuaciones Diferenciales Ordinarias'),
    ('73','72','Inglés I'),
    ('67','28','Sistemas Hidráulicos y Neumáticos'),
    ('67','02','Medios de Representación B'),
    ('68','04','Ferrocarriles'),
    ('67','67','Trabajo Profesional (Or. Termomecánica)'),
    ('75','09','Análisis de la Información'),
    ('94','05','Instalaciones en Obras Civiles I'),
    ('65','46','Energía Eólica, Hidráulica y Marina'),
    ('85','25','Estaciones Transformadoras y de Distribución'),
    ('89','01','Hidráulica General'),
    ('63','11','Química Aplicada A'),
    ('71','42','Circuitos de Información en la Empresa'),
    ('63','13','Química Inorgánica'),
    ('72','06','Automatización Industrial'),
    ('78','06','Inglés Técnico I'),
    ('75','29','Teoría de Algoritmos I'),
    ('74','14','Tecnología del Hormigón'),
    ('75','31','Teoría de Lenguaje'),
    ('85','29','Seminario de Ingeniería Eléctricista II'),
    ('75','46','Administración y Control de Proyectos Informáticos II'),
    ('75','05','Informática II'),
    ('67','03','Medios de Representación C'),
    ('76','61','Bioingeniería'),
    ('76','60','Laboratorio de Operaciones y Procesos'),
    ('91','27','Logística'),
    ('69','11','Gestión Ambiental de los Recursos Hídricos'),
    ('85','99','Trabajo Profesional de Ingeniería Electricista'),
    ('62','07','Mecánica II'),
    ('75','71','Seminario de Ing. en Informática I'),
    ('71','19','Economía de las Organizaciones'),
    ('64','21','Estabilidad I (Estática)'),
    ('85','35','Electrotecnia General C'),
    ('86','28','Laboratorio de Comunicaciones'),
    ('92','02','Industrias I'),
    ('76','19','Procesos Fermentativos'),
    ('91','37','Emprendimientos en Ingeniería'),
    ('74','21','Inspección y Ejecución de Estructuras de Hormigón'),
    ('85','23','Medición de Magnitudes Física por Medios Eléctricos'),
    ('67','29','Proyecto de Máquinas (área Diseño Mecánico)'),
    ('64','09','Cimentaciones'),
    ('62','10','Física del Estado Sólido'),
    ('70','02','Geometría Descriptiva'),
    ('75','74','Sistemas Distribuidos I'),
    ('91','24','Macroeconomía y Estructura Económica Argentina'),
    ('76','55','Microbiología Industrial'),
    ('73','71','Relaciones Humanas'),
    ('76','16','Electroquímica'),
    ('92','03','Introducción a la Ingeniería Industrial'),
    ('69','03','Mecánica de los Fluídos A'),
    ('66','28','Teoría de Control II (área Control)'),
    ('92','11','Industrias Petroquímicas'),
    ('85','06','Máquinas Eléctricas I'),
    ('62','04','Física II B'),
    ('67','36','Mecánica Aplicada'),
    ('75','63','Sistemas Distribuidos II'),
    ('95','01','Computación'),
    ('82','01','Física I'),
    ('74','06','Tecnología del Hormigón'),
    ('66','11','Ejer. Prof. de la Ing. Electrónica'),
    ('77','41','Gestión Ambiental en la Industria Alimentaria'),
    ('66','02','Laborotorio'),
    ('73','70','Computación'),
    ('69','08','Planific. de Recursos Hidráulicos'),
    ('77','09','Seguridad Amb. y del Trabajo A'),
    ('73','40','Prácticas en Astilleros I'),
    ('95','57','Organización del Computador'),
    ('86','22','Laboratorio de Control Automático'),
    ('65','16','Transm. y Dist. de la Energía Eléctrica'),
    ('83','01','Química'),
    ('70','44','Dibujo Topográfico II'),
    ('70','42','Sistemas de Información Geográfica II'),
    ('61','07','Matemática Discreta'),
    ('67','41','Automotores'),
    ('87','10','Sistemas de Representación'),
    ('93','04','Taller VIII: Gestión de Producción'),
    ('87','15','Taller A'),
    ('73','10','Proyecto de Buques II'),
    ('75','66','Manuf. Integrada p/ Comput. (CIM) II'),
    ('76','24','Fund. de la Sim. Numérica de Reservorio'),
    ('84','09','Método de los Elementos Finitos'),
    ('86','42','Laboratorios de Sistemas Digitales'),
    ('95','61','Trabajo Profesional de Licenciatura en Análisis de Sistemas'),
    ('66','37','Laboratorio de Comunicaciones II'),
    ('95','13','Métodos Matemáticos y Numéricos'),
    ('91','18','Ingeniería Económica'),
    ('89','12','Gestión Ambiental en Ingeniería Civil'),
    ('71','56','Legislación y Ejercicio Profesional de la Ing. de Alimentos'),
    ('75','00','Tesis de Ingeniería Informática'),
    ('82','11','Mecánica Racional'),
    ('66','10','Circuitos Electrónicos II'),
    ('94','16','Sistemas Estructurales'),
    ('71','11','Organización de Obras'),
    ('75','39','Aplicaciones Informáticas'),
    ('66','34','Comunicaciones Digitales I'),
    ('63','06','Química Física I'),
    ('67','43','Robótica Industrial (área Industrias)'),
    ('67','65','Procesos de Fabricación'),
    ('76','50','Diseño de Procesos'),
    ('97','04','Seguridad Ambiental y del Trabajo'),
    ('62','08','Electromagnetismo A'),
    ('70','36','Sistemas Cartográficos y Teledetección'),
    ('76','07','Ingeniería de las Instalaciones II'),
    ('88','05','Aeropuertos B'),
    ('75','26','Simulación'),
    ('76','33','Procesamiento Industrial de Alimentos'),
    ('76','57','Diseño de Procesos'),
    ('67','57','Elementos Finitos Avanzados en la Mecánica de Fluidos'),
    ('68','11','Ordenamiento Rural y Urbano'),
    ('67','05','Termodinámica'),
    ('75','70','Sistemas de Programación No Convencional de Robots'),
    ('72','01','Materiales Industriales I'),
    ('73','16','Construcción Naval III'),
    ('76','17','Procesos Electroquímicos'),
    ('76','05','Operaciones Unitarias III'),
    ('92','12','Industrias Textiles'),
    ('86','10','Diseño de Circuitos Electrónicos'),
    ('86','38','Arquitecturas Paralelas'),
    ('70','09','Topografía II'),
    ('70','99','Trabajo Profesional de la Ingeniería en Agrimensura'),
    ('84','05','Estática y Resistencia de Materiales'),
    ('67','61','Fundamentos Matemáticos de la Visión en Robótica'),
    ('70','06','Geografía Física y Geología'),
    ('75','48','Calidad en Desarrollo de Sistemas'),
    ('65','21','Accionamientos'),
    ('66','23','Teoría de las Telecomunicaciones (área Comunicaciones)'),
    ('67','23','Conversión de Energía'),
    ('84','13','Dinámica de las Estructuras II'),
    ('66','82','Propagación y Sist. Irradiantes'),
    ('86','34','Transmisores y Receptores de Comunicaciones'),
    ('85','11','Instalaciones de Baja Tensión y Luminotecnia'),
    ('75','47','Taller de Desarrollo de Proyectos II'),
    ('65','15','Sistemas Eléctricos de Potencia'),
    ('71','33','Comercialización'),
    ('97','01','Higiene y Seguridad Industrial'),
    ('71','55','Economía de la Empresa Alimentaria'),
    ('86','56','Procesamiento de Imágenes'),
    ('71','39','Leg. y Ejer. Prof. de la Ing. Electric. B'),
    ('65','34','Luminotecnia'),
    ('87','04','Conversión de Energía'),
    ('91','28','Gestión de Costos'),
    ('91','13','Organización de la Producción'),
    ('62','18','Física de Fluidos'),
    ('67','60','Intr. al Análisis Tensorial'),
    ('62','21','Física II (Calor)'),
    ('67','14','Conocimiento de Materiales II'),
    ('61','12','Análisis Matemático III B'),
    ('67','04','Termodinámica I A'),
    ('61','08','Álgebra II'),
    ('66','05','Electrónica II'),
    ('66','06','Análisis de Circuitos'),
    ('65','40','Uso Eficiente de la Energía Eléctrica'),
    ('63','01','Química'),
    ('85','10','Construcciones Electromecánicas'),
    ('75','02','Algoritmos y Programación I'),
    ('73','01','Arquitectura Naval I'),
    ('67','11','Mecanismos A'),
    ('72','12','Industrias Textiles'),
    ('68','03','Puertos y Vías Navegables'),
    ('76','20','Ing. de las Reacciones Químicas II'),
    ('76','31','Simulación de Plantas Químicas B'),
    ('76','59','Trabajo Profesional I'),
    ('75','72','Seminario de Ingeniería de Inf. II'),
    ('71','31','Organización de la Producción'),
    ('75','35','Lenguajes Especiales'),
    ('67','10','Calor y Termodinámica'),
    ('71','53','Evaluación de Proyectos de Plantas Químicas'),
    ('87','07','Fuentes y Máquinas Energéticas'),
    ('73','56','Química Aplicada'),
    ('CEX','8','Análisis Avanzado de Alimentos'),
    ('84','08','Estabilidad IV'),
    ('65','04','Electrotecnia General B'),
    ('78','01','Idioma Inglés'),
    ('66','51','Teoría de Detección y Estimación (área Computadoras)'),
    ('64','17','Seguridad Estructural'),
    ('85','05','Medidas Eléctricas'),
    ('73','87','Gestión de Producción'),
    ('89','05','Hidrología'),
    ('86','06','Circuitos Electrónicos'),
    ('71','03','Estadística Técnica'),
    ('70','15','Cartografía'),
    ('69','06','Modelos Hidráulicos'),
    ('66','78','Comunic. Digitales y Analógicas'),
    ('82','05','Física del Estado Sólido'),
    ('95','10','Modelación Numérica'),
    ('89','03','Centrales Hidráulicas'),
    ('63','18','Química General'),
    ('66','12','Introducción a Proyectos'),
    ('77','08','Seguridad Ambiental y del Trabajo B'),
    ('91','16','Legislación y Ejercicio Profesional de la Ingeniería Civil'),
    ('64','20','Análisis Sísmico de Estructuras'),
    ('86','58','Electroacústica'),
    ('67','22','Sistemas de Control'),
    ('98','04','Idioma Italiano'),
    ('66','29','Control Industrial Distribuído (área Control)'),
    ('75','22','Concurrencia (área Computadoras)'),
    ('86','30','Comunicaciones Digitales III'),
    ('66','33','Laboratorio de Sistemas Digitales (área Computadoras)'),
    ('70','19','Levantamiento y Práctica Profesional (anual)'),
    ('82','03','Física III'),
    ('86','39','Redes de Computadoras'),
    ('75','40','544 Algoritmos y Programación I_ Wachenchauzer'),
    ('74','17','Sistemas Constructivos'),
    ('62','01','Física I A'),
    ('75','59','Técnicas de Programac. Concurrente I'),
    ('67','27','Tecnología Mecánica II (área Diseño Mecánico)'),
    ('85','34','Regulación de Servicios Públicos'),
    ('CEX','4','Tecnología de alimentos I'),
    ('62','05','Física III'),
    ('73','93','Taller VI: Casco y Alistamiento: Construcción'),
    ('71','40','Legislación y Ejercicio Profesional de la Ingeniería en Info'),
    ('71','59','Emprendimientos en Ingeniería'),
    ('86','53','Procesamiento del Habla'),
    ('91','12','Organización Industrial II'),
    ('92','06','Automatización Industrial y Robótica'),
    ('85','36','Máquinas Eléctricas'),
    ('71','45','Informática p/la Gestión de Empresas'),
    ('88','01','Construcción de Carreteras'),
    ('67','35','Computación Aplicada'),
    ('86','19','Control Robusto'),
    ('85','33','Abastecimiento Auxiliar de la Energía Eléctrica'),
    ('67','19','Máquinas Alternativas'),
    ('87','01','Medios de Representación C'),
    ('76','25','Explotación de Yacimientos'),
    ('66','59','Sistemas de Comunicación'),
    ('67','30','Combustión (área Termomecánica)'),
    ('75','53','Técnicas de Producción de Software II'),
    ('95','04','Análisis Numérico I'),
    ('93','01','Taller II: Pintura'),
    ('73','68','Normas y Reglamentos'),
    ('63','09','Química Orgánica Especial'),
    ('69','05','Centrales Hidráulicas'),
    ('82','04','Mecánica Racional'),
    ('72','08','Industrias Metalúrgicas'),
    ('74','10','Urbanismo'),
    ('69','07','Hidrología'),
    ('91','22','Ingeniería Legal para Ingeniería Industrial'),
    ('75','15','Base de Datos'),
    ('65','37','Energías Renovables'),
    ('87','08','Tecnología Mecánica B'),
    ('70','25','Levantamientos Subterráneos'),
    ('66','68','Electroacústica'),
    ('84','99','Trabajo Profesional de Ingeniería Civil'),
    ('71','57','Métodos Cuantitativos Aplicados en Sistemas Agroalimentarios'),
    ('76','11','Análisis de Sistemas y Optimización'),
    ('75','45','Taller de Desarrollo de Proyectos I'),
    ('74','18','Sistemas Estructurales'),
    ('95','20','Métodos y Modelos en la Ingeniería del Software I'),
    ('67','49','Metalurgia Física'),
    ('85','00','Tesis de Ingeniería Electricista'),
    ('66','44','Instrumentos Electrónicos'),
    ('67','59','Mecánica del Continuo'),
    ('89','07','Construcciones Hidráulicas'),
    ('91','15','Legislación y Ejercicio Profesional de la Ingeniería Electr.'),
    ('65','32','Protecciones Eléctricas'),
    ('75','13','Análisis Numérico II'),
    ('94','14','Estructuras de Madera'),
    ('66','62','Redes de Computadoras'),
    ('86','62','Equipamiento para Diagnóstico y Tratamiento Biomédico'),
    ('75','65','Manuf. Integrada p/ Comput. (CIM) I'),
    ('89','06','Planificación de Recursos Hidráulicos'),
    ('71','49','Recursos Humanos'),
    ('66','50','Tecnología de los Componentes (Materias Complementarias)'),
    ('81','05','Análisis Matemático III A'),
    ('75','14','Lenguajes Formales'),
    ('76','09','Instrumen. y Control de Plantas Químicas'),
    ('92','13','Materiales Industriales II'),
    ('67','31','Transferencia de Calor y Masa (área Termomecánica)'),
    ('88','06','Planeamiento del Transporte'),
    ('72','16','Industrias II B'),
    ('85','38','Electrotecnia General'),
    ('66','38','Procesamiento de Señales I'),
    ('85','30','Proyecto de Centrales Hidroeléctrica'),
    ('65','33','Economía de la Energía Eléctrica'),
    ('81','06','Análisis Matemático III B'),
    ('73','94','Taller VII: Propulsión'),
    ('61','03','Análisis Matemático II A'),
    ('85','24','Mediciones en AT'),
    ('70','00','Tesis'),
    ('67','48','Tratamientos Térmicos'),
    ('76','54','Instalaciones de Plantas de Procesos'),
    ('66','03','Electrónica General'),
    ('75','54','Técnicas de Producción de Software III'),
    ('87','05','Sistemas Hidráulicos y Neumáticos'),
    ('76','00','Tesis de Ingeniería Química'),
    ('67','55','Mecánica Computacional II B (O. Fluidos)'),
    ('75','67','Sist. Aut. de Diag. y Detección Fallas I'),
    ('76','10','Integración Industrial'),
    ('75','12','Análisis Numérico I'),
    ('63','08','Análisis Instrumental'),
    ('71','28','Leg. y Ejer. Profesional de la Ing. Química'),
    ('86','05','Señales y Sistemas'),
    ('78','02','Idioma Alemán'),
    ('65','01','Electrotecnia'),
    ('74','13','Estructuras Metálicas II'),
    ('91','34','Gestión Financiera'),
    ('71','06','Estructura Económica Argentina'),
    ('73','86','Gestión de garantía de Calidad'),
    ('94','19','Materiales No Tradicionales en la Construcción'),
    ('86','26','Comunicaciones Digitales II'),
    ('65','27','Control Avanzado y Robótica'),
    ('81','04','Probabilidad y Estadística B'),
    ('74','15','Patología de la Construcción'),
    ('73','84','Pintura'),
    ('67','18','Mecánica de Fluidos B'),
    ('67','32','Tecnología del Frío (área Termomecánica)'),
    ('64','13','Estabilidad III B'),
    ('73','81','Electricidad'),
    ('73','09','Proyecto de Buques I'),
    ('68','05','Aeropuertos'),
    ('66','31','Identif. y Control Adaptativo'),
    ('84','14','Análisis Sísmico'),
    ('65','17','Centrales Eléctricas'),
    ('85','15','Protecciones Eléctricas y Equipos de Maniobra'),
    ('76','99','Trabajo Prof. de Ing. Química'),
    ('67','20','Turbomáquinas'),
    ('85','17','Economía de la Energía Eléctrica'),
    ('87','02','Termodinámica I A'),
    ('73','65','Física IV (Hidráulica)'),
    ('64','22','Estabilidad II (Resistencia de Materiales)'),
    ('94','10','Estructuras Metálicas I'),
    ('91','41','Economía de las Organizaciones'),
    ('84','07','Mecánica de Suelos y Geología'),
    ('61','16','Matemática para Ingenieros'),
    ('73','88','Arquitectura Naval II'),
    ('75','27','Algoritmos y Programación IV'),
    ('95','25','Inteligencia Artificial'),
    ('68','07','Ingeniería del Transporte'),
    ('88','13','Puertos y Vías Navegables A'),
    ('67','44','Plantas Térmicas (área Termomecánica)'),
    ('71','27','Leg. y Ejercicio Profesional de la Ing. Electrónica'),
    ('66','20','Organiz. de Computadoras'),
    ('73','12','Máquinas Marinas II'),
    ('70','14','Fotogrametría I'),
    ('74','11','Cimentaciones'),
    ('89','09','Hidráulica Aplicada'),
    ('73','78','Soldadura'),
    ('66','49','Sistemas Biológicos (Materias Complementarias)'),
    ('75','18','Proyectos Informáticos'),
    ('65','35','Energías no convencionales'),
    ('86','59','Audio Profesional'),
    ('73','58','Dibujo'),
    ('69','10','Construcciones Hidráulicas'),
    ('85','31','Proyecto de Centrales Termoeléctricas'),
    ('78','05','Idioma Portugués'),
    ('69','04','Hidráulica Aplicada'),
    ('65','41','Estaciones Transform. y de Distribución'),
    ('73','08','Estructura de Buques II'),
    ('75','03','Organización del Computador'),
    ('86','36','Criptografía y Seguridad Informática'),
    ('66','16','Estructura de Datos'),
    ('68','99','Trabajo Profesional de Ing. Civil (Transp.)'),
    ('75','51','Técnicas de Producción de Software I'),
    ('91','05','Modelos y Optimización II'),
    ('74','12','Estructuras Metálicas I'),
    ('81','08','Análisis Matricial y Métodos Numéricos'),
    ('85','28','Seminario de Ingeniería Electricista I'),
    ('86','09','Procesos Estocásticos'),
    ('70','01','Geometría Proyectiva'),
    ('95','60','Redes y Aplicaciones Distribuidas'),
    ('66','46','Procesamiento del Habla'),
    ('86','14','Introducción a Proyectos'),
    ('91','30','Estadística Aplicada II'),
    ('73','52','Métodos Estadísticos'),
    ('88','11','Aeropuertos A'),
    ('86','01','Técnica Digital'),
    ('70','21','Información rural y colonización'),
    ('75','64','Sistemas Multimediales'),
    ('76','53','Diseño de Reactores'),
    ('95','30','Estándares de Calidad y Modelos de Referencia'),
    ('65','05','Electrotecnia General C'),
    ('67','52','Termodinámica B'),
    ('73','89','Máquinas e Instalaciones Auxiliares Navales'),
    ('64','08','Mecánica de Suelos'),
    ('75','50','Introducción a los Sistemas Inteligentes'),
    ('64','11','Estabilidad I B'),
    ('91','06','Modelos y Optimización III'),
    ('95','67','Minería de Datos'),
    ('76','23','Recuperación Asistida de Petróleo'),
    ('70','33','Elementos de Construcción'),
    ('63','12','Metodología y Aplicación de Radioisótopos'),
    ('74','01','Hormigón I'),
    ('65','30','Electrotecnia General D'),
    ('CEX','5','Tecnología de Alimentos II'),
    ('61','14','Matemática Especial para Ing. Química'),
    ('70','16','Fotogrametría II'),
    ('70','18','Catastro y Valuaciones'),
    ('67','06','Termodinámica y Máquinas Térmicas'),
    ('86','40','Laboratorios de Redes de Computadoras'),
    ('95','15','Algoritmos y Programación II_Wachenchauzer'),
    ('75','30','Teoría de Algoritmos II'),
    ('76','46','Introducción a la Ingeniería Química'),
    ('73','54','Análisis I'),
    ('87','12','Mecanismos'),
    ('81','11','Matemática Discreta'),
    ('71','18','Estructura Económica Argentina'),
    ('74','03','Arquitectura y Planificación'),
    ('61','15','Matemática Aplicada a la Agrimensura'),
    ('85','54','Máquinas Eléctricas'),
    ('71','50','Ingeniería Económica I'),
    ('67','51','Máquinas Térmicas'),
    ('66','01','Técnica Digital'),
    ('76','63','Diseño avanzado de reactores'),
    ('77','05','Proyectos Nacionales e Ing. Ambiental'),
    ('64','12','Estabilidad II B'),
    ('77','07','Ingeniería de las Instalaciones II'),
    ('65','39','Metrología y Téc. de Calibración Eléct.'),
    ('85','21','Uso Eficiente de la Energía Eléctrica'),
    ('66','71','Sistemas Gráficos'),
    ('76','12','Microbiología Industrial'),
    ('86','20','Identificación y Control Adaptativo'),
    ('86','24','Electrónica de Potencia'),
    ('74','99','Trabajo Profesional de Ing. Civil (Constr.)'),
    ('75','69','Sistemas Automáticos de Diagnóstico y Detección de Fallas II'),
    ('87','09','Termodinámica y Mecánica de Fluidos'),
    ('CEX','1','Fundamentos de la Preservación de Alimentos I'),
    ('77','02','Introducción a la Ingeniería Ambiental'),
    ('86','52','Procesamiento de Señales II'),
    ('67','64','Dibujo'),
    ('65','25','Construcciones Electromecánicas'),
    ('63','05','Química Analítica'),
    ('85','02','Electrotecnia'),
    ('74','07','Instalaciones de Edificios'),
    ('66','70','Estructrura del Computador'),
    ('71','07','Investigación Operativa'),
    ('66','35','Técnica Digital Avanzada (área Computadoras)'),
    ('89','14','Hidráulica Marítima'),
    ('65','18','Prod. Tran. y Dis. de la Energía Eléctrica'),
    ('92','07','Instalaciones Industriales'),
    ('85','16','Electrónica de Potencia'),
    ('88','03','Puertos y Vías Navegables B'),
    ('FYB','2','Nutrición Aplicada a Tecnología de Alimentos'),
    ('78','03','Idioma Francés'),
    ('66','63','Redes Neuronales'),
    ('86','99','Trabajo Profesional de Ing. Electrónica'),
    ('75','36','Seminario y Lógica de Bases de Datos'),
    ('68','00','Tesis de Ingeniería Civil (Transporte)'),
    ('73','02','Construcción Naval I'),
    ('88','09','Análisis de Sistemas de Transporte'),
    ('86','17','Control Automático III'),
    ('67','40','Diseño de Máquinas Herramientas (área Diseño Mecánico)'),
    ('77','01','Higiene y Seguridad del Trabajo'),
    ('86','03','Dispositivos Semiconductores'),
    ('95','06','Teoría de Algoritmos I'),
    ('73','53','Análisis I'),
    ('73','64','Física III (Electricidad)'),
    ('88','02','Diseño y Operación de Caminos'),
    ('85','01','Introducción a la Ingeniería Eléctrica'),
    ('75','01','Computación'),
    ('91','33','Microeconomía Aplicada'),
    ('70','32','Sistemas de Información Geográfica'),
    ('66','81','Video y Redes de Cable'),
    ('95','08','Taller de Programación I'),
    ('94','04','Hormigón II'),
    ('91','39','Estructuras y Procesos Organizacionales'),
    ('65','10','Teoría de Campos'),
    ('66','58','Transmisión y Recepción de Comunicaciones'),
    ('89','15','Laboratorio de Hidráulica'),
    ('65','44','Sistemas de Energía'),
    ('64','07','Estabilidad III A'),
    ('75','34','Redes y Teleprocesamiento II'),
    ('64','04','Estática y Resistencia de Materiales A'),
    ('66','04','Electrónica I'),
    ('64','15','Estabilidad IV B'),
    ('65','43','Ingeniería de las Instalaciones I'),
    ('65','09','Teoría de Circuitos'),
    ('82','50','Física del Estado Sólido'),
    ('73','91','Máquinas e Instalaciones Propulsoras Navales'),
    ('61','17','Teoría de Grafos (área Computadoras)'),
    ('65','19','Instalación Eléctrica Industrial'),
    ('85','09','Diagnósticos Eléctricos y Ensayos'),
    ('66','77','Sistemas de Comunicaciones (área Comunicaciones)'),
    ('76','48','Evaluación de Propiedades Físicas'),
    ('62','09','Electromagnetismo B'),
    ('86','29','Propagación y Sistemas Irradiantes'),
    ('92','16','Seminario de Ingeniería Industrial II'),
    ('66','15','Procesos Estocásticos'),
    ('73','96','Dibujo Naval'),
    ('62','03','Física II A'),
    ('73','67','Construcción Naval Mercante II'),
    ('94','08','Urbanismo'),
    ('76','28','Gestión Recursos en la Ind. de Procesos'),
    ('66','22','Laboratorio de Comunicaciones I'),
    ('64','02','Estabilidad II A'),
    ('66','83','Infraestructura de Redes'),
    ('67','13','Conocimiento de Materiales I'),
    ('62','06','Mecánica I'),
    ('91','25','Estadística Aplicada III'),
    ('85','13','Centrales Eléctricas'),
    ('66','75','Procesos Estocásticos'),
    ('62','15','Física III D'),
    ('70','12','Geodesia I'),
    ('66','40','Sistemas de Microondas'),
    ('89','17','Mecánica de los Fluidos'),
    ('69','01','Hidráulica General'),
    ('86','04','Análisis de Circuitos'),
    ('72','10','Industrias de Celulosa y Papel'),
    ('85','03','Teoría de Circuitos y Sistemas'),
    ('86','13','Instrumentos Electrónicos'),
    ('86','51','Procesamiento de Señales I'),
    ('82','06','Electromagnetismo'),
    ('71','22','Leg. y Ejer. Prof. de la Ing. Industrial'),
    ('70','05','Topografía I'),
    ('69','00','Tesis de Ingeniería Civil (Hidráulica)'),
    ('67','98','Trabajo Prof. de Ing. Mecánica "A"'),
    ('73','92','Taller V: Casco y Alistamiento: Reparación'),
    ('75','16','Lenguajes de Programación'),
    ('75','32','Práctica Profesional'),
    ('72','05','Arquitectura Industrial'),
    ('88','14','Evaluación de Proyectos'),
    ('71','44','Recursos Humanos'),
    ('62','22','Física III (Electricidad)'),
    ('67','00','Tesis de Ingeniería Mecánica'),
    ('76','22','Fundamentos de la Ing. de Reservorios'),
    ('71','02','Agrimensura Legal I'),
    ('76','03','Operaciones I'),
    ('67','54','Mecánica Computacional II A (O. Sólidos)'),
    ('63','15','Química Analítica Instrumental'),
    ('73','59','Estabilidad I (Estática)'),
    ('69','02','Ingeniería Sanitaria'),
    ('67','07','Dibujo Mecánico'),
    ('75','06','Organización de Datos'),
    ('61','21','Análisis Matricial y Métodos Numéricos'),
    ('73','04','Estructura de Buques'),
    ('92','20','Industria Automotríz'),
    ('73','60','Estabilidad II (Resistencia de Materiales)'),
    ('71','09','Economía de la Empresa'),
    ('94','15','Sistemas Constructivos'),
    ('95','12','Algoritmos y Programación II'),
    ('70','34','Topografía III'),
    ('63','16','Química Física'),
    ('94','17','Diseño Estructural'),
    ('75','07','Algoritmos y Programación III'),
    ('85','12','Sistemas Eléctricos de Potencia'),
    ('90','01','Topografía y Geodesia'),
    ('88','12','Ferrocarriles A'),
    ('86','31','Servicios y Redes de Comunicaciones'),
    ('95','48','Lenguajes Formales'),
    ('94','12','Tecnología del Hormigón'),
    ('68','10','Ingeniería Territorial'),
    ('76','30','Industrias Alimenticias'),
    ('73','66','Construcción Naval Mercante I'),
    ('73','75','Inglés IV'),
    ('86','07','Laboratorio de Microprocesadores'),
    ('73','85','Montaje Mecánico'),
    ('71','15','Modelos y Optimización II'),
    ('86','45','Industrias y Productos de Electrónica'),
    ('86','16','Control Automático II'),
    ('66','41','Televisión'),
    ('65','12','Tecnología de Materiales II'),
    ('84','02','Estabilidad I'),
    ('75','24','Teoría de la Programación'),
    ('65','45','Regulación de Servicios Públicos'),
    ('71','25','Legislación y Ejercicio Profesional de la Ing. Mecánica'),
    ('71','43','Logística Integral'),
    ('75','56','Organiz. Implant. y el Mantenimiento'),
    ('73','63','Física II (Calor)'),
    ('91','21','Conflicto y Negociación'),
    ('84','12','Dinámica de las Estructuras'),
    ('72','13','Materiales Industriales II'),
    ('78','07','Inglés Técnico II'),
    ('CEX','3','Fundamentos de la Preservación de Alimentos II'),
    ('67','38','Tecnología Mecánica B'),
    ('86','55','Teoría de Detección y Estimación'),
    ('65','47','Energía Solar, Geotérmica y de Biomasa'),
    ('70','22','Ordenamiento rural y urbano'),
    ('86','18','Control Industrial Distribuido'),
    ('95','19','Simulación'),
    ('85','04','Campos Electromagnéticos'),
    ('65','28','Control de Procesos Industriales'),
    ('91','08','Organización Industrial III'),
    ('64','19','Dinámica de las Estructuras II'),
    ('93','03','Taller IV: Gestión de Garantía de Calidad'),
    ('67','12','Mecanismos B'),
    ('73','69','Arquitectura Naval'),
    ('94','03','Construcciones'),
    ('94','07','Maquinarias de la Construcción'),
    ('84','00','Tesis de Ingeniería Civil'),
    ('88','08','Ingeniería Territorial'),
    ('76','15','Industria de Polímeros'),
    ('92','14','Seminario de Ingeniería Industrial I'),
    ('CEX','7','Tecnología de Alimentos III'),
    ('86','27','Infraestructura de Redes Fijas'),
    ('91','26','Dirección de Manufactura'),
    ('66','65','Control Digital'),
    ('64','18','Dinámica de las Estructuras'),
    ('84','06','Estabilidad III'),
    ('98','01','Idioma Inglés'),
    ('61','09','Probabilidad y Estadística B'),
    ('73','76','Alemán I'),
    ('70','17','Geodesia III'),
    ('92','18','Industrias II'),
    ('76','41','Biotecnología'),
    ('86','08','Control Automático I'),
    ('85','19','Luminotecnia'),
    ('76','51','Introducción a la Planificación Interactiva'),
    ('71','13','Información en las Organizaciones'),
    ('76','06','Ingeniería de las Instalaciones I'),
    ('71','16','Administración de Proyectos'),
    ('86','43','Sistemas Gráficos'),
    ('94','02','Arquitectura y Planificación Urbana'),
    ('88','10','Caminos'),
    ('65','11','Tecnología de Materiales I'),
    ('75','76','Computación II'),
    ('95','59','Diseño, Operación y Gestión de Servicios Informáticos'),
    ('65','06','Máquinas Eléctricas'),
    ('76','42','Ingeniería de las Instalaciones II B'),
    ('65','03','Electrotecnia General A'),
    ('67','16','Ensayos Industriales'),
    ('67','66','Trabajo Profesional (Or. Diseño Mecánico)'),
    ('65','00','Tesis de Ingeniería Electricista'),
    ('65','42','Sistemas de Protecciones Eléctricas'),
    ('86','50','Tecnología de los Componentes'),
    ('73','83','Motores principales y propulsión'),
    ('70','38','Levantamiento y Práctica Profesional II'),
    ('75','55','Taller de Desarrollo de Proyectos III'),
    ('92','17','Industrias Petrolíferas'),
    ('76','18','Fisicoquímica Especial'),
    ('94','13','Patología de la Construcción'),
    ('91','32','Investigación Operativa III'),
    ('73','61','Organización de la Producción Naval'),
    ('87','06','Mecánica Aplicada'),
    ('66','56','Control Óptimo (área Control)'),
    ('68','06','Transporte A'),
    ('93','02','Taller III: Soldadura'),
    ('73','11','Máquinas Marinas I'),
    ('64','00','Tesis de Ingeniería Civil'),
    ('66','30','Control No Lineal'),
    ('92','99','Trabajo Profesional de Ingeniería Industrial'),
    ('76','44','Práctica Profesional'),
    ('62','02','Física I B'),
    ('63','04','Química III'),
    ('75','37','Laboratorio de Programación de Base'),
    ('65','14','Teoría de Máquinas Eléctricas II'),
    ('86','25','Comunicaciones Digitales I'),
    ('92','01','Materiales Industriales I'),
    ('73','13','Construcción Naval III'),
    ('73','95','Proyecto Integrador'),
    ('84','01','Introducción a la Ingeniería Civil'),
    ('67','24','Proyecto de Instalaciones Industriales'),
    ('76','04','Operaciones Unitarias II'),
    ('71','58','Análisis y Resol. de Probl. de Sistemas'),
    ('91','29','Ingeniería Económica A'),
    ('73','51','Álgebra'),
    ('91','35','Análisis de Casos'),
    ('76','29','Industria de Procesos'),
    ('84','03','Estabilidad II'),
    ('89','08','Gestión Ambiental de Recursos Hídricos'),
    ('76','27','Control Estadístico de Procesos'),
    ('67','50','Materiales Ferrosos y sus Aplicaciones (área Metalúrgica)'),
    ('63','10','Termodinámica Estadística'),
    ('91','04','Modelos y Optimización I'),
    ('66','67','Acústica'),
    ('86','54','Redes Neuronales'),
    ('66','32','Robótica (área Control)'),
    ('91','07','Investigación Operativa I'),
    ('70','08','Topografía I'),
    ('67','33','Tecnología del Calor (área Termomecánica)'),
    ('73','97','Arquitectura Naval I'),
    ('94','06','Presas'),
    ('92','15','Industrias de la Alimentación'),
    ('63','03','Química II'),
    ('FYB','1','Legislación Alimentaria'),
    ('76','58','Emisiones de contaminantes químicos y biológicos'),
    ('67','21','Mediciones Físicas y Mecánicas'),
    ('95','58','Organización del Datos'),
    ('91','19','Introducción a la Economía y Organización de la Empresa'),
    ('66','72','Señales e Imágenes en Biomedicina'),
    ('86','32','Sistemas Inalámbricos'),
    ('92','10','Industrias de Celulosa y Papel'),
    ('75','33','Redes y Teleprocesamientos I'),
    ('75','58','Evaluación de Proy. y Manejo de Riesgos'),
    ('91','02','Gerenciamiento y Organización de Obras Civiles'),
    ('86','44','Técnica Digital Avanzada'),
    ('89','13','Hidráulica Fluvial'),
    ('70','30','Introd. a los Sist. de Inform. Geográfica'),
    ('AG','1','Sistemas de Producción Agropecuaria y Calidad de Alimentos'),
    ('69','09','Hidráulica Fluvial y Marítima'),
    ('71','04','Organización Industrial I'),
    ('87','17','Máquinas Térmicas'),
    ('66','36','Electroacústica'),
    ('71','52','Agrimensura Legal IV'),
    ('66','07','Señales y Sistemas'),
    ('98','02','Idioma Alemán'),
    ('66','54','Antenas'),
    ('92','05','Edificios Industriales'),
    ('75','60','Sistemas Distribuidos I'),
    ('73','82','Aislamiento'),
    ('91','10','Organización Industrial I'),
    ('85','40','Máquinas e Instalaciones Eléctricas'),
    ('86','33','Electrónica'),
    ('64','10','Estabilidad IV'),
    ('63','14','Química Orgánica'),
    ('92','09','Industrias Plásticas'),
    ('76','56','Instrumentación y Control de Plantas Químicas'),
    ('89','11','Ingeniería Sanitaria I'),
    ('76','32','Preservación de Alimentos'),
    ('98','03','Idioma Francés'),
    ('85','32','Proyecto de Centrales Fotovoltaicas y Eólicas'),
    ('73','77','Alemán II'),
    ('68','09','Tránsito'),
    ('76','90','Tesis de Grado de Ing. de Alimentos'),
    ('71','20','Modelos y Optimización III'),
    ('78','04','Idioma Italiano'),
    ('84','10','Análisis Experimental de Tensiones'),
    ('84','11','Seguridad estructural'),
    ('78','09','Inglés Técnico IV'),
    ('65','22','Aplicac. Indust. de la Energ. Eléctrica'),
    ('70','39','Valuaciones'),
    ('66','14','Electrónica I'),
    ('66','84','Protocolos de Accesos Inalámbricos'),
    ('72','15','Industrias de la Alimentación'),
    ('95','09','Técnicas de Programación Concurrente I'),
    ('76','47','Fenómenos de Transporte'),
    ('74','08','Presas'),
    ('73','80','Calderería'),
    ('71','26','Leg. y Ejerc. Prof. de la Ing. Electricista'),
    ('91','11','Legislación y Ejercicio Profesional de la Ing. Electrónica'),
    ('75','20','Arquitecturas y Configuración'),
    ('74','20','Ejecución de Estructuras de Hormigón'),
    ('65','48','Laboratorio de Instalaciones Eléctricas'),
    ('92','04','Procesos de Manufactura I'),
    ('86','35','Video Digital'),
    ('71','05','Organización Industrial II'),
    ('85','55','Laboratorio de Instalaciones Eléctricas'),
    ('81','07','Análisis Funcional'),
    ('73','73','Inglés II'),
    ('73','57','Materiales'),
    ('64','06','Estabilidad II B'),
    ('67','08','Tecnología Mecánica I'),
    ('75','25','Computación Para Ingenieros'),
    ('76','52','Operaciones Unitarias de Transferencia de Materia'),
    ('92','21','Seminario de Ingeniería III'),
    ('98','05','Idioma Portugués'),
    ('84','04','Comportamiento de materiales'),
    ('66','57','Optoelectrónica'),
    ('74','19','Diseño Estructural'),
    ('73','98','Taller I: Electricidad'),
    ('70','10','Mediciones con instrumental electrónico'),
    ('95','49','Lenguajes de Programación'),
    ('94','11','Estructuras Metálicas II'),
    ('97','02','Seguridad Ambiental y del Trabajo B'),
    ('70','04','Dibujo Topográfico'),
    ('81','02','Algebra II'),
    ('74','16','Estructuras de Madera'),
    ('61','10','Análisis Matemático III A'),
    ('97','05','Gestión Ambiental'),
    ('FYB','3','Gestión, Control y Garantía de la Calidad en la Industria Alimentaria'),
    ('73','74','Inglés III'),
    ('75','38','Análisis Numérico II A'),
    ('63','19','Química Aplicada'),
    ('73','05','Introducción a Máquinas Marinas'),
    ('86','47','Optoelectrónica'),
    ('67','53','Mecánica Computacional I'),
    ('64','01','Estabilidad I A'),
    ('63','07','Química Física II'),
    ('70','13','Geodesia II'),
    ('75','42','Taller de Programación I'),
    ('67','17','Taller'),
    ('76','21','Simulación de Plantas Químicas');
insert into credits(department_code,subject_code,degree,amount) values ('61','03','4',8)/*61.03	Análisis Matemático II A	8	CBC*/,
    ('62','01','4',8)/*62.01	Física I A	8	CBC*/,
    ('70','02','4',6)/*70.02	Geometría Descriptiva	6	CBC*/,
    ('75','01','4',4)/*75.01	Computación	4	CBC*/,
    ('61','15','4',8)/*61.15	Matemática Aplicada a la Agrimensura	8	CBC*/,
    ('62','03','4',8)/*62.03	Física II A	8	61.03 - 62.01*/,
    ('70','15','4',6)/*70.15	Cartografía	6	61.03*/,
    ('71','02','4',4)/*71.02	Agrimensura Legal I	4	CBC*/,
    ('61','06','4',4)/*61.06	Probabilidad y Estadística A	4	61.03*/,
    ('70','04','4',4)/*70.04	Dibujo Topográfico	4	CBC*/,
    ('70','08','4',6)/*70.08	Topografía I	6	CBC*/,
    ('70','31','4',6)/*70.31	Información Rural	6	CBC*/,
    ('71','24','4',4)/*71.24	Agrimensura Legal II	4	71.02*/,
    ('70','07','4',6)/*70.07	Cálculo de Compensación	6	61.03*/,
    ('70','09','4',6)/*70.09	Topografía II	6	70.08 - 70.02*/,
    ('70','12','4',6)/*70.12	Geodesia I	6	70.08*/,
    ('70','18','4',6)/*70.18	Catastro y Valuaciones	6	71.24 - 70.31*/,
    ('70','11','4',16)/*70.11	Topografía III (anual)	16	70.07 - 70.09*/,
    ('70','13','4',6)/*70.13	Geodesia II	6	70.12*/,
    ('70','14','4',8)/*70.14	Fotogrametría I	8	70.09*/,
    ('70','19','4',10)/*70.19	Levantamiento y Práctica Profesional (anual)	10	70.09 - 71.24*/,
    ('70','16','4',4)/*70.16	Fotogrametría II	4	70.14 - 70.07*/,
    ('70','30','4',6)/*70.30	Introducción a los Sistemas de Información Geográfica	6	70.15 - 75.01*/,
    ('68','06','4',8)/*68.06	Transporte A	8	70.09*/,
    ('68','11','4',4)/*68.11	Ordenamiento Rural y Urbano	4	68.06 - 70.18*/,
    ('70','06','4',4)/*70.06	Geografía Física y Geología	4	62.01*/,
    ('70','17','4',6)/*70.17	Geodesia III	6	70.13*/,
    ('70','20','4',4)/*70.20	Fotointerpretación	4	70.14*/,
    ('70','24','4',4)/*70.24	Levantamientos Hidrográficos	4	70.09*/,
    ('70','26','4',4)/*70.26	Hidráulica Agrícola y Saneamiento	4	70.09*/,
    ('70','27','4',4)/*70.27	Catastro	4	70.18*/,
    ('70','32','4',4)/*70.32	Sistemas de Información Geográfica	4	70.09 70.15 70.301)*/,
    ('71','23','4',4)/*71.23	Economía	4	61.03*/,
    ('71','30','4',6)/*71.30	Agrimensura Legal III	6	71.24*/,
    ('75','12','4',6)/*75.12	Análisis Numérico I	6	61.03 - 75.01*/,
    ('77','02','4',4)/*77.02	Introducción a la Ingeniería Ambiental	4	70.15*/,
    ('78','01','4',4)/*78.01	Idioma Inglés	4	CBC*/,
    ('78','02','4',4)/*78.02	Idioma Alemán	4	CBC*/,
    ('78','03','4',4)/*78.03	Idioma Francés	4	CBC*/,
    ('78','04','4',4)/*78.04	Idioma Italiano	4	CBC*/,
    ('78','05','4',4)/*78.05	Idioma Portugués	4	CBC*/,
    ('63','07','11',6)/*63.07	Química Física II	6	63.06*/,
    ('76','03','11',10)/*76.03	Operaciones I	10	61.14 76.01*/,
    ('76','12','11',6)/*76.12	Microbiología Industrial	6	63.04*/,
    ('76','40','11',2)/*76.40	Introducción a la Bioquímica	2	63.04*/,
    ('76','04','11',8)/*76.04	Operaciones Unitarias II	8	76.03*/,
    ('76','05','11',8)/*76.05	Operaciones Unitarias III	8	63.06 - 76.03*/,
    ('CEX','1','11',6)/*CEX 1	Fundamentos de la Preservación de Alimentos I	6	76.03 - 76.12 - 76.40*/,
    ('63','05','11',8)/*63.05	Química Analítica	8	63.03*/,
    ('65','43','11',6)/*65.43	Ingeniería de las Instalaciones I	6	76.05*/,
    ('CEX','3','11',6)/*CEX 3	Fundamentos de la Preservación de Alimentos II	6	CEX 1*/,
    ('CEX','2','11',4)/*CEX 2	Toxicología de Alimentos	4	CEX 1 - 76.40*/,
    ('76','08','11',8)/*76.08	Ingeniería de las Reacciones Química	8	63.07 - 75.12 - 76.05*/,
    ('76','42','11',4)/*76.42	Ingeniería de las Instalaciones II B	4	76.05*/,
    ('77','41','11',4)/*77.41	Gestión Ambiental en la Industria Alimentaria	4	76.05*/,
    ('FYB','1','11',2)/*FYB 1	Legislación Alimentaria	2	CEX 1*/,
    ('CEX','4','11',6)/*CEX 4	Tecnología de alimentos I	6	CEX 1 - 63.05*/,
    ('71','55','11',6)/*71.55	Economía de la Empresa Alimentaria	6	CEX 3*/,
    ('76','41','11',4)/*76.41	Biotecnología	4	76.08 - 76.12*/,
    ('CEX','5','11',4)/*CEX 5	Tecnología de Alimentos II	4	CEX 1 - 63.05*/,
    ('76','43','11',6)/*76.43	Instrumentación y Control	6	76.04 - 76.05*/,
    ('76','90','11',12)/*76.90	Tesis de Grado de Ing. de Alimentos	12	*/,
    ('76','44','11',4)/*76.44	Práctica Profesional	4	*/,
    ('FYB','2','11',2)/*FYB 2	Nutrición Aplicada a Tecnología de Alimentos	2	76.40*/,
    ('71','56','11',2)/*71.56	Legislación y Ejercicio Profesional de la Ingeniería de Alimentos	2	FYB 1 - 71.55*/,
    ('CEX','6','11',6)/*CEX 6	Microbiología de Alimentos	6	76.12*/,
    ('CEX','7','11',4)/*CEX 7	Tecnología de Alimentos III	4	CEX 3*/,
    ('AG','1','11',4)/*AG 1	Sistemas de Producción Agropecuaria y Calidad de Alimentos	4	CEX 5*/,
    ('CEX','8','11',6)/*CEX 8	Análisis Avanzado de Alimentos	6	CEX 3*/,
    ('71','03','11',6)/*71.03	Estadística Técnica	6	61.06*/,
    ('71','31','11',6)/*71.31	Organización de la Producción	6	CEX 3 - 71.55*/,
    ('71','33','11',4)/*71.33	Comercialización	4	CEX 3 - 71.55*/,
    ('71','43','11',4)/*71.43	Logística Integral	4	CEX 3 - 71.55*/,
    ('72','14','11',4)/*72.14	Diseño de Producto	4	CEX 3 - 71.55*/,
    ('71','44','11',4)/*71.44	Recursos Humanos	4	FYB 1 - 71.55*/,
    ('76','19','11',4)/*76.19	Procesos Fermentativos	4	76.41*/,
    ('FYB','3','11',4)/*FYB 3	Gestión, Control y Garantía de la Calidad en la Industria Alimentaria	4	71.55*/,
    ('71','57','11',4)/*71.57	Métodos Cuantitativos Aplicados en Sistemas Agroalimentarios	4	61.14*/,
    ('78','01','11',4)/*78.01	Idioma Inglés	4	CBC*/,
    ('78','02','11',4)/*78.02	Idioma Alemán	4	CBC*/,
    ('78','03','11',4)/*78.03	Idioma Francés	4	CBC*/,
    ('78','04','11',4)/*78.04	Idioma Italiano	4	CBC*/,
    ('78','05','11',4)/*78.05	Idioma Portugués	4	CBC*/,
    ('61','03','9',8)/*61.03	Análisis Matemático II A	8	C.B.C.*/,
    ('61','08','9',8)/*61.08	Álgebra II A	8	C.B.C.*/,
    ('75','40','9',6)/*75.40	Algoritmos y Programación I	6	C.B.C.*/,
    ('61','07','9',6)/*61.07	Matemática Discreta	6	C.B.C.*/,
    ('75','03','9',8)/*75.03	Organización del Computador	8	75.40*/,
    ('75','41','9',6)/*75.41	Algoritmos y Programación II	6	75.40*/,
    ('61','09','9',6)/*61.09	Probabilidad y Estadística B	6	61.03 - 61.08*/,
    ('71','12','9',6)/*71.12	Estructura de las Organizaciones	6	C.B.C.*/,
    ('75','06','9',6)/*75.06	Organización de Datos	6	75.03 - 75.41*/,
    ('75','07','9',6)/*75.07	Algoritmos y Programación III	6	75.03 - 75.41*/,
    ('71','13','9',6)/*71.13	Información en las Organizaciones	6	71.12*/,
    ('75','08','9',6)/*75.08	Sistemas Operativos	6	75.06*/,
    ('75','09','9',6)/*75.09	Análisis de la Información	6	75.06 - 75.07*/,
    ('75','42','9',4)/*75.42	Taller de Programación I	4	75.03 - 75.41*/,
    ('71','14','9',6)/*71.14	Modelos y Optimización 1	6	61.07 - 61.03 - 61.08*/,
    ('75','10','9',6)/*75.10	Técnicas de Diseño	6	75.09*/,
    ('75','15','9',6)/*75.15	Base de Datos	6	75.09*/,
    ('71','15','9',6)/*71.15	Modelos y Optimización II	6	71.14 - 61.09*/,
    ('71','16','9',6)/*71.16	Administración de Proyectos	6	71.12 - 71.14*/,
    ('75','17','9',6)/*75.17	Implantación de Sistemas	6	75.10*/,
    ('75','18','9',6)/*75.18	Proyectos Informáticos	6	71.13 - 71.16 - 75.17*/,
    ('71','17','9',4)/*71.17	Derecho Informático	4	sin correlativas asignadas*/,
    ('71','18','9',4)/*71.18	Estructura Económica Argentina	4	sin correlativas asignadas*/,
    ('71','20','9',6)/*71.20	Modelos y Optimización III	6	71.15*/,
    ('71','46','9',6)/*71.46	Ingeniería Económica	6	71.13*/,
    ('75','12','9',6)/*75.12	Análisis Numérico I	6	61.03 - 61.08 - 75.41*/,
    ('75','14','9',6)/*75.14	Lenguajes Formales	6	61.07*/,
    ('75','16','9',6)/*75.16	Lenguajes de Programación	6	75.14Res(CD)4175/05(*)*/,
    ('75','19','9',6)/*75.19	Teoría de Comunicación	6	75.08*/,
    ('75','20','9',6)/*75.20	Arquitecturas y Configuración	6	75.08*/,
    ('75','22','9',8)/*75.22	Concurrencia	8	75.08*/,
    ('75','23','9',6)/*75.23	Inteligencia Artificial	6	75.41*/,
    ('75','24','9',4)/*75.24	Teoría de la Programación	4	75.41*/,
    ('75','26','9',6)/*75.26	Simulación	6	61.09*/,
    ('75','27','9',6)/*75.27	Algoritmos y Programación IV	6	75.07*/,
    ('75','29','9',6)/*75.29	Teoría de Algoritmos I	6	61.07 - 75.41*/,
    ('75','32','9',3)/*75.32	Práctica Profesional	3	71.13 - 75.10 - 75.15*/,
    ('75','33','9',6)/*75.33	Redes y Teleprocesamientos I	6	75.08 - 75.15*/,
    ('75','34','9',6)/*75.34	Redes y Teleprocesamientos II	6	75.33*/,
    ('75','36','9',3)/*75.36	Seminario y Lógica de Bases de Datos	3	75.15*/,
    ('75','38','9',6)/*75.38	Análisis Numérico II A	6	75.12*/,
    ('75','39','9',6)/*75.39	Aplicaciones Informáticas	6	75.08 - 75.09*/,
    ('75','50','9',6)/*75.50	Introducción a los Sistemas Inteligentes	6	61.09 - 71.14*/,
    ('75','71','9',3)/*75.71	Seminario de Ingeniería de Inf. I	3	75.07*/,
    ('75','72','9',3)/*75.72	Seminario de Ingeniería de Inf. II	3	75.41 - 75.06*/,
    ('78','01','9',4)/*78.01	Idioma Inglés	4	C.B.C.*/,
    ('78','02','9',4)/*78.02	Idioma Alemán	4	C.B.C.*/,
    ('78','03','9',4)/*78.03	Idioma Francés	4	C.B.C.*/,
    ('78','04','9',4)/*78.04	Idioma Italiano	4	C.B.C.*/,
    ('78','05','9',4)/*78.05	Idioma Portugués	4	C.B.C.*/,
    ('61','03','1',8)/*61.03	Análisis Matemático II A	8	CBC*/,
    ('62','01','1',8)/*62.01	Física I A	8	CBC*/,
    ('70','03','1',6)/*70.03	Medios de Representación A	6	CBC*/,
    ('61','08','1',8)/*61.08	Álgebra II A	8	CBC*/,
    ('64','01','1',8)/*64.01	Estabilidad I A	8	61.03 - 62.01*/,
    ('71','23','1',4)/*71.23	Economía	4	61.03*/,
    ('62','03','1',8)/*62.03	Física II A	8	61.03 - 62.01*/,
    ('64','02','1',8)/*64.02	Estabilidad II A	8	61.08 - 64.01*/,
    ('63','01','1',6)/*63.01	Química	6	CBC*/,
    ('64','07','1',8)/*64.07	Estabilidad III A	8	64.02*/,
    ('69','01','1',8)/*69.01	Hidráulica General	8	61.03 - 62.01*/,
    ('70','29','1',6)/*70.29	Topografía y Geodesia	6	62.01 - 70.03*/,
    ('64','03','1',8)/*64.03	Comport. de Materiales	8	63.01 - 64.02*/,
    ('64','08','1',6)/*64.08	Mecánica de Suelos	6	64.02*/,
    ('75','01','1',4)/*75.01	Computación	4	CBC*/,
    ('68','07','1',6)/*68.07	Ingeniería del Transporte	6	70 créditos*/,
    ('75','12','1',6)/*75.12	Análisis Numérico I	6	61.03 - 61.08 - 75.01*/,
    ('65','05','1',4)/*65.05	Electrotecnia General C	4	61.08 - 62.03*/,
    ('74','01','1',8)/*74.01	Hormigón I	8	64.03 - 64.07*/,
    ('74','04','1',6)/*74.04	Construcciones	6	62.03 - 64.03 - 64.02 - 65.05*/,
    ('61','06','1',4)/*61.06	Probabilidad y Estadística A	4	61.03*/,
    ('74','05','1',6)/*74.05	Hormigón II	6	74.01 - 64.08*/,
    ('74','11','1',4)/*74.11	Cimentaciones	4	64.08 - 74.01*/,
    ('71','11','1',6)/*71.11	Organización de Obras	6	71.23 - 74.01 - 74.04*/,
    ('71','21','1',6)/*71.21	Leg. y Ejer. Prof. de la Ing. Civil	6	120 créditos*/,
    ('77','09','1',4)/*77.09	Seguridad Amb. y del Trabajo A	4	71.11*/,
    ('64','00','1',24)/*64.00	Tesis de Ingeniería Civil	24	140 créditos*/,
    ('74','99','1',16)/*74.99	Trabajo Prof.de Ing. Civil (Constr.)	16	*/,
    ('68','99','1',12)/*68.99	Trabajo Prof. de Ing. Civil (Transp.)	12	*/,
    ('69','99','1',12)/*69.99	Trabajo Prof. de Ing. Civil (Hidrául.)	12	*/,
    ('64','10','1',8)/*64.10	Estabilidad IV	8	64.07*/,
    ('64','14','1',4)/*64.14	Método de los Elementos Finitos	4	64.07*/,
    ('64','16','1',2)/*64.16	Análisis Experimental de Tensiones	2	64.07*/,
    ('64','17','1',2)/*64.17	Seguridad Estructural	2	61.06 - 64.07 - 64.03 - 75.12*/,
    ('64','18','1',4)/*64.18	Dinámica de las Estructuras	4	61.06 - 64.10 - 75.12*/,
    ('64','19','1',3)/*64.19	Dinámica de las Estructuras II	3	61.12 - 64.18*/,
    ('61','12','1',6)/*61.12	Análisis Matemático III B	6	61.03 - 61.08*/,
    ('67','04','1',8)/*67.04	Termodinámica I A	8	62.03 - 61.08*/,
    ('78','01','1',4)/*78.01	Idioma Inglés	4	CBC*/,
    ('78','02','1',4)/*78.02	Idioma Alemán	4	CBC*/,
    ('78','03','1',4)/*78.03	Idioma Francés	4	CBC*/,
    ('78','04','1',4)/*78.04	Idioma Italiano	4	CBC*/,
    ('78','05','1',4)/*78.05	Idioma Portugués	4	CBC*/,
    ('68','01','1',6)/*68.01	Construcción de Carreteras	6	64.03 - 64.08 - 68.07*/,
    ('68','02','1',6)/*68.02	Diseño y Oper. de Caminos	6	68.07*/,
    ('68','03','1',6)/*68.03	Puertos y Vías Navegables	6	64.08 - 68.07*/,
    ('68','04','1',6)/*68.04	Ferrocarriles	6	68.07*/,
    ('68','05','1',6)/*68.05	Aeropuertos	6	68.07*/,
    ('68','08','1',6)/*68.08	Planeamiento del Transporte	6	68.07*/,
    ('68','09','1',4)/*68.09	Tránsito	4	68.07*/,
    ('68','10','1',4)/*68.10	Ingeniería Territorial	4	140 créditos*/,
    ('69','02','1',6)/*69.02	Ingeniería Sanitaria	6	69.01*/,
    ('69','04','1',6)/*69.04	Hidráulica Aplicada	6	69.01*/,
    ('69','05','1',6)/*69.05	Centrales Hidráulicas	6	69.01*/,
    ('69','06','1',4)/*69.06	Modelos Hidráulicos	4	69.01*/,
    ('69','07','1',6)/*69.07	Hidrología	6	69.01*/,
    ('69','08','1',4)/*69.08	Planific. de Recursos Hidráulicos	4	69.01*/,
    ('69','09','1',6)/*69.09	Hidráulica Fluvial y Marítima	6	69.01*/,
    ('69','10','1',4)/*69.10	Construcciones Hidráulicas	4	69.01*/,
    ('69','11','1',4)/*69.11	Gestión Ambiental de los Recursos Hídricos	4	69.01*/,
    ('74','03','1',8)/*74.03	Arquitectura y Planificación	8	100 créditos*/,
    ('74','07','1',6)/*74.07	Instalaciones de Edificios	6	62.03 - 65.05 - 74.04*/,
    ('74','08','1',6)/*74.08	Presas	6	69.04 - 74.01 - 74.11*/,
    ('74','09','1',4)/*74.09	Maquinarias de la Construcción	4	74.04*/,
    ('74','10','1',6)/*74.10	Urbanismo	6	74.03*/,
    ('74','12','1',6)/*74.12	Estructuras Metálicas I	6	64.03 - 64.07*/,
    ('74','13','1',6)/*74.13	Estructuras Metálicas II	6	74.12*/,
    ('74','14','1',4)/*74.14	Tecnología del Hormigón	4	64.02 - 64.03*/,
    ('74','15','1',4)/*74.15	Patología de la Construcción	4	74.015) - 74.04*/,
    ('74','16','1',4)/*74.16	Estructuras de Madera	4	64.03 - 64.07 - 74.12*/,
    ('74','17','1',4)/*74.17	Sistemas Constructivos	4	74.04 - 74.05 - (CD 1090/03)6)*/,
    ('74','18','1',6)/*74.18	Sistemas Estructurales	6	64.08 - 74.01*/,
    ('74','19','1',6)/*74.19	Diseño Estructural	6	74.12 74.18*/,
    ('74','21','1',6)/*74.21	Inspección y Ejecución de Estructuras de Hormigón	6	64.03 - 74.01*/,
    ('61','03','5',8)/*61.03	Análisis Matemático II A	8	CBC*/,
    ('62','01','5',8)/*62.01	Física I A	8	CBC*/,
    ('61','08','5',8)/*61.08	Álgebra II A	8	CBC*/,
    ('61','13','5',4)/*61.13	Análisis Matemático III C	4	61.03 - 61.08*/,
    ('62','03','5',8)/*62.03	Física II A	8	61.03 - 62.01*/,
    ('63','01','5',6)/*63.01	Química	6	CBC*/,
    ('67','02','5',6)/*67.02	Medios de Representación B	6	CBC*/,
    ('75','01','5',4)/*75.01	Computación	4	CBC*/,
    ('62','06','5',6)/*62.06	Mecánica I	6	61.03 - 61.08 - 62.01*/,
    ('64','11','5',6)/*64.11	Estabilidad I B	6	62.01 - 67.02*/,
    ('67','07','5',2)/*67.07	Dibujo Mecánico	2	67.02*/,
    ('67','13','5',6)/*67.13	Conocimiento de Materiales I	6	63.01*/,
    ('75','12','5',6)/*75.12	Análisis Numérico I	6	61.03 - 61.08 - 75.01*/,
    ('64','12','5',8)/*64.12	Estabilidad II B	8	61.03 - 61.08 - 64.11 - 67.13*/,
    ('67','04','5',8)/*67.04	Termodinámica I A	8	61.08 - 62.03*/,
    ('67','11','5',4)/*67.11	Mecanismos A	4	62.06*/,
    ('67','14','5',4)/*67.14	Conocimiento de Materiales II	4	63.01 - 67.13*/,
    ('65','04','5',6)/*65.04	Electrotecnia General B	6	62.03*/,
    ('67','15','5',6)/*67.15	Tecnología Mecánica I	6	67.07 - 67.11*/,
    ('67','16','5',4)/*67.16	Ensayos Industriales	4	67.14*/,
    ('67','17','5',4)/*67.17	Taller	4	67.07 - 67.11 - 67.14*/,
    ('67','18','5',6)/*67.18	Mecánica de los Fluídos B	6	67.04*/,
    ('65','06','5',6)/*65.06	Máquinas Eléctricas	6	65.04*/,
    ('66','03','5',4)/*66.03	Electrónica General	4	65.04*/,
    ('67','19','5',6)/*67.19	Máquinas Alternativas	6	67.04 - 67.11*/,
    ('67','20','5',6)/*67.20	Turbomáquinas	6	67.11 - 67.18*/,
    ('67','21','5',4)/*67.21	Mediciones Físicas y Mecánicas	4	62.06 - 67.18*/,
    ('64','13','5',6)/*64.13	Estabilidad III B	6	64.12*/,
    ('67','22','5',4)/*67.22	Sistemas de Control	4	61.13 - 67.21*/,
    ('71','01','5',4)/*71.01	Introducción a la Economía y Organización de la Empresa	4	61.03*/,
    ('71','25','5',2)/*71.25	Legislación y Ejercicio Profesional de la Ing. Mecánica	2	100 créditos*/,
    ('77','05','5',4)/*77.05	Proyectos Nacionales e Ing. Ambiental	4	67.21*/,
    ('67','23','5',2)/*67.23	Conversión de Energía	2	120 créditos*/,
    ('67','28','5',4)/*67.28	Sistemas Hidráulicos y Neumáticos	4	66.03 - 67.18*/,
    ('67','00','5',18)/*67.00	Tesis de Ingeniería Mecánica	18	140 créditos*/,
    ('67','24','5',6)/*67.24	Proyecto de Instalaciones Industriales	6	65.06 - 67.18*/,
    ('77','01','5',4)/*77.01	Higiene y Seguridad del Trabajo	4	77.05*/,
    ('67','98','5',14)/*67.98	Trabajo Profesional de Ing. Mecánica A (área Diseño Mecánico)	14	*/,
    ('67','99','5',14)/*67.99	Trabajo Profesional de Ing. Mecánica B (área Termomecánica)	14	*/,
    ('61','06','5',4)/*61.06	Probabilidad y Estadística A	4	61.03*/,
    ('62','07','5',4)/*62.07	Mecánica II (área de Diseño Mecánico)	4	61.13 - 62.06*/,
    ('64','14','5',4)/*64.14	Método de los Elementos Finitos (área Comp. Apl.)	4	64.13*/,
    ('64','15','5',6)/*64.15	Estabilidad IV B	6	64.13*/,
    ('64','16','5',2)/*64.16	Análisis Experimental de Tensiones	2	64.13*/,
    ('67','25','5',8)/*67.25	Elementos de Máquinas (área Diseño Mecánico)	8	64.12 - 67.11*/,
    ('67','26','5',4)/*67.26	Metrología (área de Diseño Mecánico)	4	67.21*/,
    ('67','27','5',6)/*67.27	Tecnología Mecánica II (área Diseño Mecánico)	6	67.15 - 67.17*/,
    ('67','29','5',6)/*67.29	Proyecto de Máquinas (área Diseño Mecánico)	6	62.061) - 67.25 - 67.27 - 67.28*/,
    ('67','30','5',4)/*67.30	Combustión (área Termomecánica)	4	63.01 - 67.04*/,
    ('67','31','5',4)/*67.31	Transferencia de Calor y Masa (área Termomecánica)	4	67.04*/,
    ('67','32','5',6)/*67.32	Tecnología del Frío (área Termomecánica)	6	67.18 - 67.31*/,
    ('67','33','5',8)/*67.33	Tecnología del Calor (área Termomecánica)	8	67.30 - 67.31*/,
    ('67','34','5',6)/*67.34	Proy. Instal. Térmicas (área Termomecánica)	6	67.32 - 67.33*/,
    ('67','40','5',6)/*67.40	Diseño de Máquinas Herramientas (área Diseño Mecánico)	6	67.13 - 67.26 - 67.27*/,
    ('67','41','5',6)/*67.41	Automotores (área Diseño Mecánico)	6	67.19 - 67.25*/,
    ('67','42','5',6)/*67.42	Control Numérico de Máquinas Herramientas (área Diseño Mecánico)	6	67.27*/,
    ('67','43','5',6)/*67.43	Robótica Industrial (área Industrias)	6	62.062) - 67.22*/,
    ('67','44','5',4)/*67.44	Plantas Térmicas (área Termomecánica)	4	67.33*/,
    ('67','45','5',4)/*67.45	Sistemas de Control en Inst. Térmicas (área Termomecánica)	4	67.33 - 67.22*/,
    ('67','46','5',4)/*67.46	Diseño de Instalaciones Térmicas (área Termomecánica)	4	67.34*/,
    ('67','47','5',6)/*67.47	Metalografía (área Metalúrgica)	6	67.13 - 67.16*/,
    ('67','48','5',4)/*67.48	Tratamientos Térmicos (área Metalúrgica)	4	67.13 - 67.16*/,
    ('67','49','5',6)/*67.49	Metalurgia Física (área Metalúrgica)	6	61.03 - 62.03 - 63.01*/,
    ('67','50','5',4)/*67.50	Materiales Ferrosos y sus Aplicaciones (área Metalúrgica)	4	67.13*/,
    ('67','56','5',4)/*67.56	Técnicas Energéticas	4	67.04 - 61.08*/,
    ('67','58','5',6)/*67.58	Intr. al Método de los Elementos Finitos	6	64.13 - 67.18 - 75.12*/,
    ('67','59','5',6)/*67.59	Mecánica del Continuo	6	64.13 - 67.18 - 67.60*/,
    ('67','60','5',4)/*67.60	Intr. al Análisis Tensorial	4	61.03 - 61.08*/,
    ('67','61','5',4)/*67.61	Fundamentos Matemáticos de la Visión en Robótica	4	61.08 - 67.02*/,
    ('67','62','5',6)/*67.62	Elementos Finitos Avanzados	6	67.58 - 67.59*/,
    ('78','01','5',4)/*78.01	Idioma Inglés	4	CBC*/,
    ('78','02','5',4)/*78.02	Idioma Alemán	4	CBC*/,
    ('78','03','5',4)/*78.03	Idioma Francés	4	CBC*/,
    ('78','04','5',4)/*78.04	Idioma Italiano	4	CBC*/,
    ('78','05','5',4)/*78.05	Idioma Portugués	4	CBC*/,
    ('61','03','10',8)/*61.03	Análisis Matemático II A	8	CBC*/,
    ('62','01','10',8)/*62.01	Física I A	8	CBC*/,
    ('75','40','10',6)/*75.40	Algoritmos y Programación I	6	CBC*/,
    ('61','08','10',8)/*61.08	Álgebra II A	8	CBC*/,
    ('62','03','10',8)/*62.03	Física II A	8	61.03 - 62.01*/,
    ('63','01','10',6)/*63.01	Química	6	CBC*/,
    ('75','41','10',6)/*75.41	Algoritmos y Programación II	6	75.40*/,
    ('62','15','10',4)/*62.15	Física III D	4	61.08 - 62.03 - 63.01*/,
    ('66','02','10',6)/*66.02	Laboratorio	6	62.03*/,
    ('66','70','10',6)/*66.70	Estructrura del Computador	6	61.08 - 62.03 - 75.41*/,
    ('75','07','10',6)/*75.07	Algoritmos y Programación III	6	75.41*/,
    ('75','12','10',6)/*75.12	Análisis Numérico I	6	61.08 - 61.03 - 75.41*/,
    ('61','09','10',6)/*61.09	Probabilidad y Estadística B	6	61.03 - 61.08*/,
    ('61','10','10',6)/*61.10	Análisis Matemático III A	6	61.03 - 61.08*/,
    ('66','20','10',6)/*66.20	Organización de Computadoras	6	66.02 - 66.70*/,
    ('75','06','10',6)/*75.06	Organización de Datos	6	66.70 - 75.41*/,
    ('75','42','10',4)/*75.42	Taller de Programación I	4	66.70 - 75.12 - 75.41*/,
    ('71','12','10',6)/*71.12	Estructura de las Organizaciones	6	75.06*/,
    ('71','14','10',6)/*71.14	Modelos y Optimización I	6	61.10 - 62.03 - 63.01 - 75.42*/,
    ('75','08','10',6)/*75.08	Sistemas Operativos	6	75.06*/,
    ('75','09','10',6)/*75.09	Análisis de la Información	6	75.07 - 75.42*/,
    ('75','10','10',6)/*75.10	Técnicas de Diseño	6	75.08 - 75.09*/,
    ('75','15','10',6)/*75.15	Base de Datos	6	75.06 - 75.09*/,
    ('75','43','10',6)/*75.43	Introducción a los Sistemas Distribuídos	6	66.20 - 62.15 - 75.08*/,
    ('75','52','10',4)/*75.52	Taller de Programación II	4	71.14 - 75.07 - 75.42*/,
    ('71','40','10',4)/*71.40	Legislación y Ejercicio Profesional de la Ing. en Informática	4	140 créditos*/,
    ('75','00','10',24)/*75.00	Tesis de Ingeniería Informática	24	140 créditos*/,
    ('75','99','10',12)/*75.99	Trabajo Profesional de Ing. Informática	12	140 créditos*/,
    ('71','13','10',6)/*71.13	Información en las Organizaciones	6	71.12*/,
    ('75','44','10',6)/*75.44	Administración y Control de Proyectos Informáticos I	6	71.12 - 75.10*/,
    ('75','45','10',6)/*75.45	Taller de Desarrollo de Proyectos I	6	75.10*/,
    ('75','46','10',6)/*75.46	Administración y Control de Proyectos Informáticos II	6	75.44*/,
    ('75','47','10',6)/*75.47	Taller de Desarrollo de Proyectos II	6	75.44 - 75.45*/,
    ('75','48','10',4)/*75.48	Calidad en Desarrollo de Sistemas	4	75.45*/,
    ('66','06','10',10)/*66.06	Análisis de Circuitos	10	61.10 - 62.03*/,
    ('66','74','10',6)/*66.74	Señales y Sistemas	6	61.09 - 66.06*/,
    ('75','59','10',6)/*75.59	Técnicas de Programación Concurrente I	6	75.08*/,
    ('75','74','10',4)/*75.74	Sistemas Distribuídos I	4	61.10 - 75.43 - 75.59*/,
    ('75','61','10',6)/*75.61	Taller de Programación III	6	66.74 - 75.74*/,
    ('64','05','10',6)/*64.05	Estática y Resistencia de Materiales B	6	61.03 - 61.08*/,
    ('72','01','10',6)/*72.01	Materiales Industriales I	6	63.01 - 64.05*/,
    ('75','65','10',6)/*75.65	Manufactura Integrada Por Computadora (CIM)I	6	75.15 - 75.52*/,
    ('75','66','10',6)/*75.66	Manufactura Integrada por Computadora (CIM)II	6	75.65*/,
    ('75','67','10',6)/*75.67	Sistemas Automáticos de Diagnóstico y Detección de Fallas I	6	61.08*/,
    ('75','68','10',4)/*75.68	Sistemas de Soporte para Celdas de Producción Flexible	4	75.65 - 75.67*/,
    ('61','07','10',6)/*61.07	Matemática Discreta	6	CBC*/,
    ('61','18','10',6)/*61.18	Ecuaciones Diferenciales Ordinarias	6	61.03 - 61.08*/,
    ('61','19','10',6)/*61.19	Análisis Funcional	6	61.10*/,
    ('62','11','10',4)/*62.11	Mecánica Racional	4	61.10 - 62.01*/,
    ('66','08','10',8)/*66.08	Circuitos Electrónicos I	8	62.15 - 66.02 - 66.06*/,
    ('66','09','10',6)/*66.09	Laboratorio de Microcomputadoras	6	66.02 - 66.70*/,
    ('66','17','10',6)/*66.17	Sistemas Digitales	6	66.70*/,
    ('66','18','10',6)/*66.18	Teoría de Control I	6	66.74*/,
    ('66','19','10',6)/*66.19	Circuitos de Pulsos	6	66.08 - 66.70*/,
    ('66','24','10',4)/*66.24	Teoría de la Información y Codificación	4	66.74 - 66.75 - 66.70*/,
    ('66','26','10',6)/*66.26	Arquitecturas Paralelas	6	66.20*/,
    ('66','32','10',6)/*66.32	Robótica	6	62.11 - 66.18*/,
    ('66','35','10',6)/*66.35	Técnica Digital Avanzada	6	61.07 - 66.17*/,
    ('66','46','10',6)/*66.46	Procesamiento del Habla	6	66.74*/,
    ('66','47','10',6)/*66.47	Procesamiento de Imágenes	6	61.09 - 66.74*/,
    ('66','49','10',6)/*66.49	Sistemas Biológicos	6	66.74 - 63.01*/,
    ('66','55','10',6)/*66.55	Simulación de Sistemas de Control	6	66.18*/,
    ('66','63','10',6)/*66.63	Redes Neuronales	6	66.75 - 66.75*/,
    ('66','69','10',6)/*66.69	Criptografía y Seguridad Informática	6	75.43*/,
    ('66','71','10',6)/*66.71	Sistemas Gráficos	6	61.10 - 75.41*/,
    ('66','75','10',6)/*66.75	Procesos Estocásticos	6	61.09 - 61.09*/,
    ('67','61','10',4)/*67.61	Fundamentos Matemáticos de la Visión en Robótica	4	61.08 - 75.07*/,
    ('71','15','10',6)/*71.15	Modelos y Optimización II	6	61.09 - 71.14*/,
    ('71','18','10',4)/*71.18	Estructura Económica Argentina	4	CBC*/,
    ('71','20','10',6)/*71.20	Modelos y Optimización III	6	71.15*/,
    ('71','41','10',6)/*71.41	Análisis y Resolución de Problemas	6	71.15*/,
    ('71','42','10',4)/*71.42	Circuitos de Información en la Empresa	4	71.46*/,
    ('71','44','10',4)/*71.44	Recursos Humanos	4	140 créditos*/,
    ('71','46','10',6)/*71.46	Ingeniería Económica	6	71.13*/,
    ('75','14','10',6)/*75.14	Lenguajes Formales	6	61.09*/,
    ('75','16','10',6)/*75.16	Lenguajes de Programación	6	75.14*/,
    ('75','26','10',6)/*75.26	Simulación	6	61.09*/,
    ('75','29','10',6)/*75.29	Teoría de Algoritmos I	6	61.07 - 75.41*/,
    ('75','30','10',6)/*75.30	Teoría de Algoritmos II	6	75.29*/,
    ('75','31','10',4)/*75.31	Teoría de Lenguaje	4	75.41*/,
    ('75','38','10',6)/*75.38	Análisis Numérico II A	6	75.52*/,
    ('75','50','10',6)/*75.50	Introducción a los Sistemas Inteligentes	6	61.09 - 71.14*/,
    ('75','51','10',4)/*75.51	Técnicas de Producción de Software I	4	75.52 - 75.15*/,
    ('75','53','10',4)/*75.53	Técnicas de Producción de Software II	4	75.51*/,
    ('75','54','10',4)/*75.54	Técnicas de Producción de Software III	4	75.48 - 75.53*/,
    ('75','55','10',4)/*75.55	Taller de Desarrollo de Proyectos III	4	75.46 - 75.47 - 75.48*/,
    ('75','56','10',6)/*75.56	Organización de la Implantación y el Mantenimiento	6	75.46 - 75.48*/,
    ('75','57','10',4)/*75.57	Modelos de Proceso de Desarrollo	4	75.46 - 75.48*/,
    ('75','58','10',4)/*75.58	Evaluación de Proy. y Manejo de Riesgos	4	75.46 - 75.48*/,
    ('75','62','10',4)/*75.62	Técnicas de Programación Concurrente II	4	75:59*/,
    ('75','63','10',4)/*75.63	Sistemas Distribuidos II	4	75.741*/,
    ('75','64','10',4)/*75.64	Sistemas Multimediales	4	66.74 - 75.741*/,
    ('75','69','10',6)/*75.69	Sistemas Automáticos de Diagnóstico y Detección de Fallas II	6	75.67*/,
    ('75','70','10',6)/*75.70	Sistemas de Programación No Convencional de Robots	6	61.03 - 61.08*/,
    ('75','71','10',3)/*75.71	Seminario de Ing. en Informática I	3	75.07*/,
    ('75','72','10',3)/*75.72	Seminario de Ing. en Informática II	3	75.06 - 75.44*/,
    ('75','73','10',4)/*75.73	Arquitectura de Software	4	75.07 - 75.09*/,
    ('78','01','10',4)/*78.01	Idioma Inglés	4	CBC*/,
    ('78','02','10',4)/*78.02	Idioma Alemán	4	CBC*/,
    ('78','03','10',4)/*78.03	Idioma Francés	4	CBC*/,
    ('78','04','10',4)/*78.04	Idioma Italiano	4	CBC*/,
    ('78','05','10',4)/*78.05	Idioma Portugués	4	CBC*/,
    ('61','03','2',8)/*61.03	Análisis Matemático II A	8	CBC*/,
    ('62','01','2',8)/*62.01	Física I A	8	CBC*/,
    ('63','01','2',6)/*63.01	Química	6	CBC*/,
    ('61','06','2',4)/*61.06	Probabilidad y Estadística A	4	61.03*/,
    ('61','08','2',8)/*61.08	Álgebra II A	8	CBC*/,
    ('62','03','2',8)/*62.03	Física II A	8	61.03 - 62.01*/,
    ('63','11','2',6)/*63.11	Química Aplicada A	6	63.01*/,
    ('64','04','2',8)/*64.04	Estática y Resistenc. de Materiales A	8	61.03 - 61.08 - 62.01*/,
    ('65','03','2',8)/*65.03	Electrotecnia General A	8	61.08 - 62.03*/,
    ('67','03','2',4)/*67.03	Medios de Representación C	4	CBC*/,
    ('75','01','2',4)/*75.01	Computación	4	CBC*/,
    ('67','52','2',4)/*67.52	Termodinámica B	4	62.03*/,
    ('71','01','2',4)/*71.01	Intr. a la Econom. y Org. de la Empresa	4	48 créditos*/,
    ('72','01','2',6)/*72.01	Materiales Industriales I	6	63.11 - 64.04*/,
    ('75','12','2',6)/*75.12	Análisis Numérico I	6	61.03 - 61.08 - 75.01*/,
    ('67','12','2',6)/*67.12	Mecanismos B	6	64.04 - 67.03*/,
    ('67','51','2',4)/*67.51	Máquinas Térmicas	4	67.52*/,
    ('69','03','2',6)/*69.03	Mecánica de los Fluídos A	6	61.03 - 61.08 - 62.01*/,
    ('71','03','2',6)/*71.03	Estadística Técnica	6	61.06*/,
    ('71','04','2',4)/*71.04	Organización Industrial I	4	61.06 - 71.01*/,
    ('71','05','2',4)/*71.05	Organización Industrial II	4	71.04*/,
    ('71','06','2',6)/*71.06	Estructura Económica Argentina	6	71.01*/,
    ('72','02','2',6)/*72.02	Industrias I	6	67.52 - 69.03 - 72.01*/,
    ('71','07','2',8)/*71.07	Investigación Operativa	8	71.03*/,
    ('72','04','2',8)/*72.04	Indust. de Procesos de Conformación	8	67.03 - 67.12 - 71.05 - 72.01*/,
    ('72','18','2',8)/*72.18	Industrias II	8	72.02*/,
    ('71','08','2',6)/*71.08	Organización Industrial III	6	71.05*/,
    ('72','05','2',4)/*72.05	Arquitectura Industrial	4	64.04 - 72.18*/,
    ('72','06','2',4)/*72.06	Automatización Industrial	4	65.03 - 67.12 - 72.18*/,
    ('77','01','2',4)/*77.01	Higiene y Seguridad del Trabajo	4	72.02*/,
    ('71','50','2',4)/*71.50	Ingeniería Económica I	4	71.05 - 71.06*/,
    ('72','07','2',6)/*72.07	Industrias III	6	65.03 - 71.05 - 72.18*/,
    ('72','00','2',18)/*72.00	Tesis de Ingeniería Industrial	18	140 créditos*/,
    ('72','99','2',18)/*72.99	Trabajo Profesional de Ing. Industrial	18	71.08 - 72.02 - 72.05 - 72.18*/,
    ('71','22','2',4)/*71.22	Leg. y Ejer. Prof. de la Ing. Industrial	4	100 créditos*/,
    ('71','51','2',4)/*71.51	Ingeniería Económica II	4	71.50*/,
    ('77','02','2',4)/*77.02	Introducción a la Ingeniería Ambiental	4	77.01*/,
    ('61','10','2',8)/*61.10	Análisis Matemático III A	8	61.03 - 61.08*/,
    ('62','06','2',6)/*62.06	Mecánica I	6	61.03 - 61.08 - 62.01*/,
    ('62','07','2',4)/*62.07	Mecánica II	4	61.10 - 62.06*/,
    ('62','13','2',6)/*62.13	Física III C	6	61.08 - 62.03 - 63.01*/,
    ('67','17','2',4)/*67.17	Taller	4	63.11 - 67.03 - 67.12*/,
    ('71','32','2',4)/*71.32	Investigación Operativa Superior	4	71.07*/,
    ('71','33','2',4)/*71.33	Comercializ. de Productos Industriales	4	71.08*/,
    ('71','34','2',4)/*71.34	Gestión Presupuestaria	4	71.51*/,
    ('71','35','2',6)/*71.35	Estadística Técnica Superior	6	71.03*/,
    ('71','36','2',4)/*71.36	Gestión de Calidad	4	71.03 - 71.08*/,
    ('71','37','2',6)/*71.37	Dirección de Manufactura	6	71.08*/,
    ('71','43','2',4)/*71.43	Logística Integral	4	71.08*/,
    ('71','44','2',4)/*71.44	Recursos Humanos	4	71.05*/,
    ('71','45','2',4)/*71.45	Informática p/la Gestión de Empresas	4	71.08*/,
    ('72','09','2',4)/*72.09	Industrias Plásticas	4	72.18*/,
    ('72','10','2',4)/*72.10	Industrias de Celulosa y Papel	4	72.18*/,
    ('72','11','2',4)/*72.11	Industrias Petroquímicas	4	72.18*/,
    ('72','12','2',4)/*72.12	Industrias Textiles	4	72.02*/,
    ('72','13','2',4)/*72.13	Materiales Industriales II	4	72.01*/,
    ('72','14','2',4)/*72.14	Diseño de Productos	4	71.05 - 72.01*/,
    ('72','15','2',4)/*72.15	Industrias de la Alimentación	4	72.18*/,
    ('72','17','2',4)/*72.17	Industrias Petrolíferas	4	72.18*/,
    ('78','01','2',4)/*78.01	Idioma Inglés	4	CBC*/,
    ('78','02','2',4)/*78.02	Idioma Alemán	4	CBC*/,
    ('78','03','2',4)/*78.03	Idioma Francés	4	CBC*/,
    ('78','04','2',4)/*78.04	Idioma Italiano	4	CBC*/,
    ('78','05','2',4)/*78.05	Idioma Portugués	4	CBC*/,
    ('61','03','8',8)/*61.03	Análisis Matemático II A	8	CBC*/,
    ('62','01','8',8)/*62.01	Física I A	8	CBC*/,
    ('63','02','8',8)/*63.02	Química I	8	CBC*/,
    ('61','08','8',8)/*61.08	Álgebra II A	8	CBC*/,
    ('62','04','8',6)/*62.04	Física II B	6	61.03 - 62.01*/,
    ('63','03','8',8)/*63.03	Química II	8	63.02*/,
    ('75','01','8',4)/*75.01	Computación	4	CBC*/,
    ('63','04','8',10)/*63.04	Química III	10	63.02*/,
    ('75','12','8',6)/*75.12	Análisis Numérico I	6	61.03 - 61.08 - 75.01*/,
    ('76','01','8',8)/*76.01	Introduc. a la Ingeniería Química I	8	61.03 - 61.08 - 63.02 - 63.03 - 75.01*/,
    ('61','14','8',8)/*61.14	Matemática Especial para Ing. Química	8	61.03 - 61.08*/,
    ('63','06','8',8)/*63.06	Química Física I	8	62.04 - 63.02*/,
    ('76','02','8',8)/*76.02	Introduc. a la Ingenieria Química II	8	76.01*/,
    ('63','05','8',8)/*63.05	Química Analítica	8	63.03*/,
    ('63','07','8',6)/*63.07	Química Física II	6	63.06*/,
    ('76','03','8',10)/*76.03	Operaciones I	10	61.14 - 76.02*/,
    ('76','04','8',8)/*76.04	Operaciones Unitarias II	8	76.03*/,
    ('76','05','8',8)/*76.05	Operaciones Unitarias III	8	63.06 - 76.03*/,
    ('65','43','8',6)/*65.43	Ingeniería de las Instalaciones I	6	62.04 - 76.02*/,
    ('76','08','8',8)/*76.08	Ingeniería de las Reacciones Químicas	8	63.07 - 76.05 - 75.12*/,
    ('77','07','8',10)/*77.07	Ingeniería de las Instalaciones II	10	62.04 - 76.02*/,
    ('76','09','8',8)/*76.09	Instrum. y Control de Plantas Químicas	8	76.04 - 76.05*/,
    ('71','28','8',4)/*71.28	Leg. y Ejer. Profesional de la Ing. Química	4	140 créditos*/,
    ('77','08','8',4)/*77.08	Seguridad Ambiental y del Trabajo B	4	76.05*/,
    ('76','00','8',24)/*76.00	Tesis de Ingeniería Química	24	140 créditos*/,
    ('76','99','8',12)/*76.99	Trabajo Prof. de Ing. Química	12	76.04 - 76.05*/,
    ('61','06','8',4)/*61.06	Probabilidad y Estadística A	4	61.03*/,
    ('62','13','8',6)/*62.13	Física III C	6	62.04*/,
    ('62','18','8',4)/*62.18	Física de Fluidos	4	76.03*/,
    ('63','08','8',8)/*63.08	Análisis Instrumental	8	62.04 - 63.05*/,
    ('63','09','8',8)/*63.09	Química Orgánica Especial	8	63.04*/,
    ('63','10','8',6)/*63.10	Termodinámica Estadística	6	63.07*/,
    ('64','04','8',8)/*64.04	Estática y Resistencia de Materiales A	8	61.03 - 61.08 - 62.01*/,
    ('67','03','8',4)/*67.03	Medios de Representación C	4	CBC*/,
    ('67','13','8',6)/*67.13	Conocimiento de Materiales I	6	63.04*/,
    ('67','57','8',6)/*67.57	Elementos Finitos Avanzados en la Mecánica de Fluidos	6	67.58*/,
    ('67','58','8',6)/*67.58	Introducción al Método de los Elementos Finitos	6	76.03 - 75.12*/,
    ('67','59','8',6)/*67.59	Mecánica del Continuo	6	67.60 - 76.03*/,
    ('67','60','8',4)/*67.60	Introducción al Análisis Tensorial	4	61.03 - 61.08*/,
    ('71','31','8',6)/*71.31	Organización de la Producción	6	100 créditos*/,
    ('75','38','8',6)/*75.38	Análisis Numérico II A	6	75.12*/,
    ('76','11','8',4)/*76.11	Análisis de Sistemas y Optimización	4	76.05 - 75.12*/,
    ('76','12','8',6)/*76.12	Microbiología Industrial	6	63.04 - 76.02*/,
    ('76','13','8',6)/*76.13	Bioingeniería Industrial	6	76.12*/,
    ('76','16','8',4)/*76.16	Electroquímica	4	63.07 - 76.03*/,
    ('76','17','8',4)/*76.17	Procesos Electroquímicos	4	76.16*/,
    ('76','18','8',6)/*76.18	Físicoquímica Especial	6	63.07*/,
    ('76','19','8',4)/*76.19	Procesos Fermentativos	4	76.13*/,
    ('76','20','8',6)/*76.20	Ing. de las Reacciones Químicas II	6	76.08*/,
    ('76','22','8',8)/*76.22	Fundamentos de la Ing. de Reservorios	8	76.03*/,
    ('76','23','8',4)/*76.23	Recuperación Asistida de Petróleo	4	76.22*/,
    ('76','24','8',6)/*76.24	Fund. de la Sim. Numérica de Reservorio	6	76.22*/,
    ('76','26','8',6)/*76.26	Evaluación de Proyectos	6	76.02 - 76.03*/,
    ('76','27','8',6)/*76.27	Control Estadístico de Procesos	6	61.06*/,
    ('76','28','8',4)/*76.28	Gestión de Recursos en la Ind. de Procesos	4	76.03*/,
    ('76','29','8',4)/*76.29	Industria de Procesos	4	76.05*/,
    ('76','30','8',4)/*76.30	Industrias Alimenticias	4	76.04*/,
    ('76','31','8',6)/*76.31	Simulación de Plantas Químicas B	6	76.05*/,
    ('76','50','8',6)/*76.50	Diseño de Procesos	6	76.05*/,
    ('76','51','8',4)/*76.51	Introducción a la Planificación Interactiva	4	190 créditos aprobados*/,
    ('78','01','8',4)/*78.01	Idioma Inglés	4	CBC*/,
    ('78','02','8',4)/*78.02	Idioma Alemán	4	CBC*/,
    ('78','03','8',4)/*78.03	Idioma Francés	4	CBC*/,
    ('78','04','8',4)/*78.04	Idioma Italiano	4	CBC*/,
    ('78','05','8',4)/*78.05	Idioma Portugués	4	CBC*/,
    ('76','32','8',6)/*76.32	Preservación de Alimentos	6	76.04 - 76.05 - 76.12*/,
    ('76','33','8',6)/*76.33	Procesamiento Industrial de Alimentos	6	76.32*/,
    ('61','03','3',8)/*61.03	Análisis Matemático II A	8	CBC*/,
    ('61','08','3',8)/*61.08	Álgebra II	8	CBC*/,
    ('62','01','3',8)/*62.01	Física I A	8	CBC*/,
    ('62','03','3',8)/*62.03	Física II A	8	61.03 - 62.01*/,
    ('63','01','3',6)/*63.01	Química	6	CBC*/,
    ('67','02','3',6)/*67.02	Medios de Representación B	6	CBC*/,
    ('75','01','3',4)/*75.01	Computación	4	CBC*/,
    ('62','06','3',6)/*62.06	Mecánica I	6	61.03 - 61.08 - 62.01*/,
    ('64','11','3',6)/*64.11	Estabilidad I B	6	62.01 - 67.02*/,
    ('67','07','3',2)/*67.07	Dibujo Mecánico	2	67.02*/,
    ('67','13','3',6)/*67.13	Conocimiento de Materiales I	6	63.01*/,
    ('75','12','3',6)/*75.12	Análisis Numérico I	6	61.03 - 61.08 - 75.01*/,
    ('61','06','3',4)/*61.06	Probabilidad y Estádistica A	4	61.03*/,
    ('64','12','3',8)/*64.12	Estabilidad II B	8	61.03 - 61.08 - 64.11 - 67.13*/,
    ('67','04','3',8)/*67.04	Termodinámica I A	8	61.08 - 62.03*/,
    ('71','23','3',4)/*71.23	Economía	4	61.03*/,
    ('73','01','3',6)/*73.01	Arquitectura Naval I	6	64.11 - 67.02*/,
    ('67','39','3',6)/*67.39	Dibujo para Ingenieros	6	67.07*/,
    ('65','30','3',6)/*65.30	Electrotecnia General D	6	62.03*/,
    ('66','04','3',8)/*66.04	Electrónica I	8	62.03*/,
    ('67','18','3',6)/*67.18	Mecánica de los Fluídos B	6	67.04*/,
    ('73','02','3',6)/*73.02	Construcción Naval I	6	73.01*/,
    ('66','05','3',6)/*66.05	Electrónica II	6	66.04*/,
    ('73','03','3',8)/*73.03	Arquitectrura Naval II	8	73.01*/,
    ('73','04','3',6)/*73.04	Estructura de Buques	6	64.13 - 73.02*/,
    ('73','05','3',6)/*73.05	Introducción a Máquinas Marinas	6	67.04*/,
    ('73','40','3',4)/*73.40	Prácticas de Astilleros I	4	73.01 - 73.02*/,
    ('61','16','3',8)/*61.16	Matemática para Ingenieros	8	61.03 - 61.08*/,
    ('64','13','3',6)/*64.13	Estabilidad III B	6	64.12*/,
    ('67','12','3',6)/*67.12	Mecanismos B	6	64.12*/,
    ('73','06','3',6)/*73.06	Vibraciones de Estructuras	6	64.13 - 73.07 - 73.12*/,
    ('73','07','3',6)/*73.07	Construcción Naval II	6	73.02*/,
    ('73','09','3',6)/*73.09	Proyecto de Buques I	6	73.03 - 73.05 - 73.07*/,
    ('73','10','3',6)/*73.10	Proyecto de Buques II	6	73.09*/,
    ('73','11','3',6)/*73.11	Máquinas Marinas I	6	67.04*/,
    ('73','12','3',6)/*73.12	Máquinas Marinas II	6	67.04*/,
    ('73','41','3',4)/*73.41	Prácticas en Astilleros II	4	73.40*/,
    ('73','00','3',18)/*73.00	Tésis de Ingeniería Naval	18	140 créditos*/,
    ('73','99','3',0)/*73.99	Trabajo Profesional de Ing. Naval y Mecánica	0	*/,
    ('64','14','3',4)/*64.14	Método de los Elementos Finitos	4	64.13*/,
    ('64','15','3',6)/*64.15	Estabilidad IV B	6	64.13*/,
    ('64','16','3',2)/*64.16	Análisis Experimental de Tensiones	2	64.13*/,
    ('67','23','3',2)/*67.23	Conversión de la Energía	2	120 créditos*/,
    ('67','38','3',4)/*67.38	Tecnología Mecánica B	4	67.02 - 67.13*/,
    ('67','61','3',4)/*67.61	Fundamentos Matemáticos de la Visión en Robótica	4	61.08 - 67.02*/,
    ('68','03','3',6)/*68.03	Puertos y Vías Navegables	6	Sin correlativas asignadas*/,
    ('68','08','3',6)/*68.08	Planeamiento del Transporte	6	Sin correlativas asignadas*/,
    ('71','07','3',8)/*71.07	Investigación Operativa	8	71.31*/,
    ('71','31','3',6)/*71.31	Organización de la Producción	6	73.02*/,
    ('71','34','3',4)/*71.34	Gestión Presupuestaria	4	71.50 - 71.51*/,
    ('71','36','3',4)/*71.36	Gestión de la Calidad	4	61.06 - 73.07*/,
    ('71','38','3',4)/*71.38	Legislación General	4	73.07*/,
    ('71','50','3',4)/*71.50	Ingeniería Económica I	4	71.31*/,
    ('71','51','3',4)/*71.51	Ingeniería Económica II	4	71.50*/,
    ('72','06','3',4)/*72.06	Automatización Industrial	4	Sin correlativas asignadas*/,
    ('73','14','3',4)/*73.14	Navegación	4	73.02*/,
    ('73','15','3',6)/*73.15	Máquinas Marinas III	6	73.05 - 73.11 - 73.12*/,
    ('73','16','3',6)/*73.16	Construcción Naval III	6	73.07*/,
    ('77','01','3',4)/*77.01	Higiene y Seguridad del Trabajo	4	73.02*/,
    ('77','02','3',4)/*77.02	Introducción a la Ing. Ambiental	4	73.09*/,
    ('78','01','3',4)/*78.01	Idioma Inglés	4	CBC*/,
    ('78','02','3',4)/*78.02	Idioma Alemán	4	CBC*/,
    ('78','03','3',4)/*78.03	Idioma Francés	4	CBC*/,
    ('78','04','3',4)/*78.04	Idioma Italiano	4	CBC*/,
    ('78','05','3',4)/*78.05	Idioma Portugués	4	CBC*/,
    ('61','03','7',8)/*61.03	Análisis Matemático II A	8	CBC*/,
    ('61','08','7',8)/*61.08	Álgebra II A	8	CBC*/,
    ('62','01','7',8)/*62.01	Física I A	8	CBC*/,
    ('61','10','7',6)/*61.10	Análisis Matemático III A	6	61.03 - 61.08*/,
    ('62','03','7',8)/*62.03	Física II A	8	61.03 - 62.01*/,
    ('63','01','7',6)/*63.01	Química	6	CBC*/,
    ('75','02','7',8)/*75.02	Algoritmos y Programación I	8	CBC*/,
    ('61','09','7',6)/*61.09	Probabilidad y Estadística B	6	61.03 - 61.08*/,
    ('62','05','7',10)/*62.05	Física III	10	61.08 - 62.03 - 63.01*/,
    ('66','01','7',6)/*66.01	Técnica Digital	6	61.08 - 75.02*/,
    ('66','02','7',6)/*66.02	Laborotorio	6	62.03*/,
    ('66','06','7',10)/*66.06	Análisis de Circuitos	10	61.10 - 62.03*/,
    ('66','74','7',6)/*66.74	Señales y Sistemas	6	61.09 - 66.06 ResCS4488/051)*/,
    ('66','08','7',8)/*66.08	Circuitos Electrónicos I	8	62.05 - 66.02 - 66.06*/,
    ('66','09','7',6)/*66.09	Laboratorio de Microcomputadoras	6	66.01 - 66.02*/,
    ('66','10','7',8)/*66.10	Circuitos Electrónicos II	8	66.74 - 66.08*/,
    ('66','44','7',6)/*66.44	Instrumentos Electrónicos	6	66.09 - 66.10*/,
    ('71','27','7',4)/*71.27	Leg. y Ejercicio Profesional de la Ing. Electrónica	4	120 créditos*/,
    ('66','12','7',4)/*66.12	Introducción a Proyectos	4	140 créditos*/,
    ('66','00','7',24)/*66.00	Tesis de Ingeniería Electrónica	24	140 créditos*/,
    ('66','99','7',12)/*66.99	Trabajo Profesional de Ing. Electrónica	12	140 créditos*/,
    ('61','07','7',6)/*61.07	Matemática Discreta	6	CBC*/,
    ('61','17','7',4)/*61.17	Teoría de Grafos (área Computadoras)	4	61.07*/,
    ('61','18','7',6)/*61.18	Ecuaciones Diferenciales Ordinarias	6	61.03 - 61.08*/,
    ('61','19','7',6)/*61.19	Análisis Funcional	6	61.10*/,
    ('61','21','7',6)/*61.21	Análisis Matricial y Métodos Numéricos	6	61.03 - 61.08*/,
    ('62','09','7',6)/*62.09	Electromagnetismo B	6	62.03 2) Res(CD)3935/01*/,
    ('62','10','7',4)/*62.10	Física del Estado Sólido	4	62.05*/,
    ('62','11','7',4)/*62.11	Mecánica Racional	4	61.10 - 62.01*/,
    ('65','06','7',6)/*65.06	Máquinas Eléctricas	6	66.06*/,
    ('66','75','7',6)/*66.75	Procesos Estocásticos	6	61.09 - 66.06 ResCS4488/053)*/,
    ('66','17','7',6)/*66.17	Sistemas Digitales (área Computadoras)	6	66.01*/,
    ('66','18','7',6)/*66.18	Teoría de Control (área Control)	6	66.74*/,
    ('66','19','7',6)/*66.19	Circuito de Pulsos (área Computadoras)	6	66.01 - 66.08*/,
    ('66','20','7',6)/*66.20	Organización de Computadoras (área Computadoras)	6	66.09*/,
    ('66','21','7',6)/*66.21	Comunicación de Datos (área Computadoras)	6	66.74*/,
    ('66','22','7',4)/*66.22	Laboratorio de Comunicaciones I (área Computadoras)	4	66.02 - 66.74 - 66.75*/,
    ('66','23','7',6)/*66.23	Teoría de las Telecomunicaciones (área Comunicaciones)	6	66.74 - 66.75*/,
    ('66','24','7',4)/*66.24	Teoría de la Información y Codificación (área Computadoras)	4	66.01 - 66.74 - 66.15*/,
    ('66','25','7',4)/*66.25	Dispositivos Semiconductores	4	62.05*/,
    ('66','26','7',6)/*66.26	Arquitecturas Paralelas (área Computadoras)	6	66.20*/,
    ('66','27','7',6)/*66.27	Electrónica de Potencia (área Control)	6	66.18 - 66.10 - 65.06*/,
    ('66','28','7',6)/*66.28	Teoría de Control II (área Control)	6	66.18*/,
    ('66','29','7',6)/*66.29	Control Industrial Distribuído (área Control)	6	66.18 4) Res(CD)3937/01*/,
    ('66','30','7',6)/*66.30	Control no Lineal (área Control)	6	66.18*/,
    ('66','31','7',6)/*66.31	Identif. y Control Adaptativo (área Control)	6	66.18*/,
    ('66','32','7',6)/*66.32	Robótica (área Control)	6	62.11 - 66.18*/,
    ('66','33','7',6)/*66.33	Laboratorio de Sistemas Digitales (área Computadoras)	6	66.09*/,
    ('66','78','7',6)/*66.78	Comunicaciones Digitales y Analogicas (área Comunicaciones)	6	66.74 - 66.75 ResCS4488/055)*/,
    ('66','35','7',6)/*66.35	Técnica Digital Avanzada (área Computadoras)	6	61.07 - 66.17*/,
    ('66','79','7',6)/*66.79	Laboratorio de Comunicaciones (área Comunicaciones)	6	66.21 - 66.78 ResCS4488/056)*/,
    ('66','38','7',6)/*66.38	Procesamiento de Señales I (área Comunicaciones)	6	66.74 - 66.75*/,
    ('66','39','7',6)/*66.39	Procesamiento de Señales II (área Comunicaciones)	6	66.38*/,
    ('66','80','7',6)/*66.80	Sistemas de Microondas (área Comunicaciones)	6	66.09 - 66.78 ResCS4488/057)*/,
    ('66','81','7',6)/*66.81	Video y Redes de Cable (área Comunicaciones)	6	66.10 - 66.78 ResCS4488/058)*/,
    ('66','42','7',6)/*66.42	Counicaciones Digitales II (área Comunicaciones)	6	66.21 - 66.78 9) Res(CD)1880/03*/,
    ('66','43','7',6)/*66.43	Ingeniería Biomédica (Materias Complementarias)	6	66.10*/,
    ('66','45','7',6)/*66.45	Laboratorio de Mediciones (Materias Complementarias)	6	66.10 - 66.02*/,
    ('66','46','7',6)/*66.46	Procesamiento del Habla	6	66.74*/,
    ('66','47','7',6)/*66.47	Procesamiento de Imágenes (Materias Complementarias)	6	66.38 - 66.51*/,
    ('66','48','7',6)/*66.48	Seminario de Electrónica (Materias Complementarias)	6	20 materias*/,
    ('66','49','7',6)/*66.49	Sistemas Biológicos (Materias Complementarias)	6	66.74 - 63.01*/,
    ('66','50','7',6)/*66.50	Tecnología de los Componentes (Materias Complementarias)	6	66.08*/,
    ('66','51','7',6)/*66.51	Teoría de Detección y Estimación (área Computadoras)	6	66.74 - 66.15*/,
    ('66','53','7',6)/*66.53	Instr. y Control de Procesos (área Control)	6	66.18 - 66.10*/,
    ('66','82','7',6)/*66.82	Propagación y Sistemas Irradiantes (área Comunicaciones)	6	62.09 ResCS4488/0510)*/,
    ('66','55','7',4)/*66.55	Simulación de Sistemas de Control (área Control)	4	66.18*/,
    ('66','56','7',6)/*66.56	Control Óptimo (área Control)	6	66.18*/,
    ('66','57','7',4)/*66.57	Optoelectrónica	4	62.09*/,
    ('66','76','7',6)/*66.76	Transmisión y Recepción de Comunicaciones (área Comunicaciones)	6	66.10 - 66.74 ResCS4488/0511)*/,
    ('66','77','7',6)/*66.77	Sistemas de Comunicaciones (área Comunicaciones)	6	66.74 - 66.75 ResCS4488/0512)*/,
    ('66','61','7',6)/*66.61	Tecnología de Circuitos Integrados	6	66.08*/,
    ('66','62','7',6)/*66.62	Redes de Computadoras	6	66.21 13)*/,
    ('66','63','7',6)/*66.63	Redes Neuronales	6	66.74 - 66.75*/,
    ('66','64','7',6)/*66.64	Control Robusto	6	66.28*/,
    ('66','65','7',6)/*66.65	Control Digital	6	66.28*/,
    ('66','66','7',6)/*66.66	Seminario de Electrónica II (Materias Complementarias)	6	20 materias*/,
    ('66','67','7',4)/*66.67	Acústica	4	66.10*/,
    ('66','68','7',4)/*66.68	Electroacústica	4	66.67*/,
    ('66','69','7',6)/*66.69	Criptografía y Seguridad Informática	6	66.74 - 66.09*/,
    ('66','71','7',6)/*66.71	Sistemas Gráficos	6	61.10 - 75.04 ResCS4488/0515)*/,
    ('66','72','7',6)/*66.72	Señales e Imágenes en Biomedicina	6	66.75 - 66.49 ResCS4488/0517)*/,
    ('66','73','7',6)/*66.73	Instalaciones e Instrumentación Biomédica	6	66.10 - 66.49 ResCS4488/0519)*/,
    ('71','01','7',4)/*71.01	Intr. Economía y Organización de la Empresa	4	61.03*/,
    ('71','04','7',4)/*71.04	Organización Industrial I	4	61.09*/,
    ('71','05','7',4)/*71.05	Organización Industrial II	4	71.04*/,
    ('71','07','7',4)/*71.07	Investigación Operativa	4	61.08*/,
    ('71','23','7',4)/*71.23	Economía	4	61.03*/,
    ('71','31','7',6)/*71.31	Organización de la Producción	6	20 materias*/,
    ('71','36','7',4)/*71.36	Gestión de la Calidad	4	61.09*/,
    ('75','04','7',8)/*75.04	Algoritmos y Programación II (área Computadoras)	8	75.02*/,
    ('75','08','7',6)/*75.08	Sistemas Operativos (área Computadoras)	6	66.20 - 75.04*/,
    ('75','12','7',6)/*75.12	Análisis Numérico I	6	61.03 - 61.08 - 75.02*/,
    ('75','22','7',8)/*75.22	Concurrencia (área Computadoras)	8	75.08*/,
    ('75','23','7',6)/*75.23	Inteligencia Artificial (área Computadoras)	6	75.04 - 61.07*/,
    ('75','28','7',6)/*75.28	Base de Datos B (área Computadoras)	6	75.04*/,
    ('75','29','7',6)/*75.29	Teoría de Algoritmos I (área Computadoras)	6	61.07 - 75.04*/,
    ('75','30','7',6)/*75.30	Teoría de Algoritmos II (área Computadoras)	6	75.29*/,
    ('75','31','7',4)/*75.31	Teoría de Lenguaje (área Computadoras)	4	75.04*/,
    ('75','34','7',6)/*75.34	Redes y Teleprocesamiento II	6	66.21 - 75.08 - 75.28 20)*/,
    ('75','38','7',6)/*75.38	Análisis Numérico II A	6	75.12*/,
    ('78','01','7',4)/*78.01	Idioma Inglés	4	CBC*/,
    ('78','02','7',4)/*78.02	Idioma Alemán	4	CBC*/,
    ('78','03','7',4)/*78.03	Idioma Francés	4	CBC*/,
    ('78','04','7',4)/*78.04	Idioma Italiano	4	CBC*/,
    ('78','05','7',4)/*78.05	Idioma Portugués	4	CBC*/;
insert into requires(department_code,subject_code,dept_required,code_required,degree) values ('75','31','75','04','7'),
    ('62','03','61','03','7'),
    ('75','29','75','04','7'),
    ('76','03','61','14','11'),
    ('75','14','61','07','9'),
    ('75','27','75','07','9'),
    ('67','60','61','08','5'),
    ('75','42','66','70','10'),
    ('76','08','63','07','8'),
    ('66','47','66','51','7'),
    ('75','52','75','42','10'),
    ('66','49','63','01','7'),
    ('76','05','63','06','8'),
    ('66','50','66','08','7'),
    ('CEX','6','76','12','11'),
    ('64','01','62','01','1'),
    ('67','13','63','04','8'),
    ('66','47','66','38','7'),
    ('67','61','67','02','5'),
    ('72','06','67','12','2'),
    ('75','71','75','07','9'),
    ('72','18','72','02','2'),
    ('66','02','62','03','7'),
    ('72','14','CEX','3','11'),
    ('71','03','61','06','11'),
    ('64','04','61','03','2'),
    ('76','26','76','03','8'),
    ('74','08','74','11','1'),
    ('67','17','67','11','5'),
    ('66','56','66','18','7'),
    ('65','05','61','08','1'),
    ('67','59','76','03','8'),
    ('CEX','1','76','12','11'),
    ('66','19','66','08','7'),
    ('66','06','62','03','10'),
    ('66','49','66','74','10'),
    ('67','19','67','04','5'),
    ('67','59','67','60','8'),
    ('66','10','66','08','7'),
    ('67','20','67','18','5'),
    ('71','56','FYB','1','11'),
    ('72','01','64','04','2'),
    ('66','24','66','15','7'),
    ('75','66','75','65','10'),
    ('76','43','76','04','11'),
    ('66','51','66','15','7'),
    ('68','01','64','03','1'),
    ('72','17','72','18','2'),
    ('67','46','67','34','5'),
    ('66','74','61','09','7'),
    ('67','48','67','13','5'),
    ('71','06','71','01','2'),
    ('73','41','73','40','3'),
    ('66','24','66','01','7'),
    ('66','29','66','18','7'),
    ('71','55','CEX','3','11'),
    ('74','17','74','05','1'),
    ('66','24','66','70','10'),
    ('76','23','76','22','8'),
    ('70','11','70','09','4'),
    ('66','47','61','09','10'),
    ('76','09','76','05','8'),
    ('66','44','66','10','7'),
    ('73','11','67','04','3'),
    ('75','22','75','08','7'),
    ('66','06','62','03','7'),
    ('66','49','66','74','7'),
    ('69','11','69','01','1'),
    ('75','70','61','08','10'),
    ('72','02','69','03','2'),
    ('61','12','61','03','1'),
    ('71','01','61','03','7'),
    ('63','05','63','03','11'),
    ('67','12','67','03','2'),
    ('75','43','62','15','10'),
    ('73','09','73','07','3'),
    ('66','08','66','06','10'),
    ('62','04','61','03','8'),
    ('61','10','61','03','7'),
    ('67','18','67','04','5'),
    ('69','06','69','01','1'),
    ('66','81','66','10','7'),
    ('75','69','75','67','10'),
    ('75','56','75','48','10'),
    ('75','64','66','74','10'),
    ('FYB','2','76','40','11'),
    ('75','06','66','70','10'),
    ('76','04','76','03','11'),
    ('75','06','75','41','10'),
    ('75','31','75','41','10'),
    ('67','38','67','13','3'),
    ('74','04','64','02','1'),
    ('71','11','74','04','1'),
    ('75','12','61','03','9'),
    ('71','14','63','01','10'),
    ('75','19','75','08','9'),
    ('64','04','61','08','8'),
    ('74','18','74','01','1'),
    ('76','22','76','03','8'),
    ('64','14','64','13','5'),
    ('64','11','67','02','5'),
    ('66','72','66','75','7'),
    ('75','72','75','06','9'),
    ('76','99','76','04','8'),
    ('75','29','75','41','9'),
    ('62','07','62','06','2'),
    ('66','19','66','01','7'),
    ('75','08','66','20','7'),
    ('75','50','61','09','9'),
    ('75','28','75','04','7'),
    ('67','58','76','03','8'),
    ('67','27','67','17','5'),
    ('61','09','61','03','10'),
    ('68','11','68','06','4'),
    ('67','25','64','12','5'),
    ('75','09','75','07','9'),
    ('72','04','71','05','2'),
    ('71','34','71','51','3'),
    ('66','21','66','74','7'),
    ('66','24','66','74','7'),
    ('61','13','61','08','5'),
    ('67','22','61','13','5'),
    ('67','30','67','04','5'),
    ('75','33','75','08','9'),
    ('75','58','75','46','10'),
    ('71','23','61','03','1'),
    ('75','59','75','08','10'),
    ('74','01','64','07','1'),
    ('74','04','62','03','1'),
    ('75','71','75','07','10'),
    ('62','13','61','08','2'),
    ('63','11','63','01','2'),
    ('69','05','69','01','1'),
    ('66','42','66','21','7'),
    ('76','19','76','41','11'),
    ('61','14','61','03','8'),
    ('74','08','69','04','1'),
    ('62','15','63','01','10'),
    ('62','04','62','01','8'),
    ('75','74','61','10','10'),
    ('71','43','CEX','3','11'),
    ('74','19','74','18','1'),
    ('72','04','67','12','2'),
    ('65','43','62','04','8'),
    ('66','78','66','75','7'),
    ('73','07','73','02','3'),
    ('61','16','61','03','3'),
    ('CEX','3','CEX','1','11'),
    ('75','34','66','21','7'),
    ('76','42','76','05','11'),
    ('74','01','64','03','1'),
    ('66','75','66','06','7'),
    ('74','08','74','01','1'),
    ('70','20','70','14','4'),
    ('75','38','75','12','7'),
    ('71','35','71','03','2'),
    ('76','08','63','07','11'),
    ('64','15','64','13','5'),
    ('75','12','61','03','7'),
    ('CEX','1','76','03','11'),
    ('63','07','63','06','11'),
    ('66','39','66','38','7'),
    ('67','14','63','01','5'),
    ('74','17','74','04','1'),
    ('67','12','64','04','2'),
    ('66','33','66','09','7'),
    ('66','69','66','74','7'),
    ('75','34','75','28','7'),
    ('CEX','4','CEX','1','11'),
    ('67','17','67','12','2'),
    ('70','09','70','08','4'),
    ('75','47','75','45','10'),
    ('67','45','67','33','5'),
    ('62','13','62','03','2'),
    ('75','03','75','40','9'),
    ('66','27','66','18','7'),
    ('71','43','71','08','2'),
    ('75','12','61','08','1'),
    ('67','40','67','26','5'),
    ('62','10','62','05','7'),
    ('65','04','62','03','5'),
    ('64','01','61','03','1'),
    ('67','21','67','18','5'),
    ('70','32','70','09','4'),
    ('76','32','76','05','8'),
    ('67','62','67','58','5'),
    ('65','03','62','03','2'),
    ('75','26','61','09','9'),
    ('66','73','66','10','7'),
    ('75','65','75','15','10'),
    ('75','22','75','08','9'),
    ('62','15','62','03','10'),
    ('75','12','75','02','7'),
    ('67','04','62','03','3'),
    ('66','19','66','08','10'),
    ('65','05','62','03','1'),
    ('74','19','74','12','1'),
    ('74','07','74','04','1'),
    ('77','07','62','04','8'),
    ('77','05','67','21','5'),
    ('75','42','75','41','10'),
    ('72','99','72','05','2'),
    ('67','40','67','13','5'),
    ('62','03','61','03','4'),
    ('71','13','71','12','9'),
    ('64','17','64','03','1'),
    ('75','17','75','10','9'),
    ('62','06','61','03','3'),
    ('72','15','72','18','2'),
    ('71','44','71','55','11'),
    ('71','51','71','50','2'),
    ('75','12','61','03','3'),
    ('64','12','64','11','5'),
    ('76','03','61','14','8'),
    ('62','06','61','08','5'),
    ('67','20','67','11','5'),
    ('64','13','64','12','3'),
    ('62','05','63','01','7'),
    ('71','11','71','23','1'),
    ('61','14','61','08','8'),
    ('66','32','66','18','7'),
    ('67','51','67','52','2'),
    ('66','45','66','10','7'),
    ('67','49','63','01','5'),
    ('66','47','66','74','10'),
    ('66','09','66','02','7'),
    ('66','72','66','49','7'),
    ('77','01','73','02','3'),
    ('69','03','61','03','2'),
    ('66','38','66','75','7'),
    ('77','02','77','01','2'),
    ('66','75','61','09','7'),
    ('75','04','75','02','7'),
    ('66','67','66','10','7'),
    ('67','60','61','03','8'),
    ('70','24','70','09','4'),
    ('75','12','61','03','1'),
    ('75','43','75','08','10'),
    ('76','12','76','02','8'),
    ('71','41','71','15','10'),
    ('76','99','76','05','8'),
    ('67','43','62','06','5'),
    ('61','18','61','08','10'),
    ('72','99','72','18','2'),
    ('70','17','70','13','4'),
    ('61','12','61','08','1'),
    ('71','15','71','14','10'),
    ('76','03','76','01','11'),
    ('75','18','71','13','9'),
    ('62','06','61','03','5'),
    ('61','06','61','03','3'),
    ('72','14','71','55','11'),
    ('66','01','61','08','7'),
    ('67','04','62','03','5'),
    ('67','60','61','03','5'),
    ('66','24','66','74','10'),
    ('69','03','62','01','2'),
    ('66','09','66','70','10'),
    ('66','09','66','01','7'),
    ('64','04','61','03','8'),
    ('66','49','63','01','10'),
    ('66','74','66','06','7'),
    ('67','04','62','03','1'),
    ('67','47','67','13','5'),
    ('70','09','70','02','4'),
    ('75','24','75','41','9'),
    ('73','05','67','04','3'),
    ('77','01','72','02','2'),
    ('66','17','66','70','10'),
    ('65','06','65','04','5'),
    ('75','64','75','74','10'),
    ('62','11','62','01','10'),
    ('66','23','66','74','7'),
    ('66','35','66','17','10'),
    ('75','47','75','44','10'),
    ('CEX','2','76','40','11'),
    ('67','07','67','02','3'),
    ('76','41','76','12','11'),
    ('77','08','76','05','8'),
    ('77','02','70','15','4'),
    ('61','10','61','08','2'),
    ('66','06','61','10','10'),
    ('76','01','61','03','8'),
    ('71','30','71','24','4'),
    ('66','08','62','15','10'),
    ('71','50','71','31','3'),
    ('67','27','67','15','5'),
    ('67','61','61','08','5'),
    ('71','07','71','31','3'),
    ('74','10','74','03','1'),
    ('62','03','62','01','10'),
    ('75','08','75','04','7'),
    ('71','44','FYB','1','11'),
    ('71','20','71','15','9'),
    ('75','30','75','29','10'),
    ('70','29','62','01','1'),
    ('66','27','65','06','7'),
    ('72','04','72','01','2'),
    ('73','09','73','03','3'),
    ('61','10','61','03','10'),
    ('75','34','75','33','9'),
    ('75','18','71','16','9'),
    ('66','08','66','06','7'),
    ('64','16','64','07','1'),
    ('71','13','71','12','10'),
    ('66','20','66','70','10'),
    ('66','70','61','08','10'),
    ('66','44','66','09','7'),
    ('75','07','75','41','10'),
    ('72','05','64','04','2'),
    ('75','33','75','15','9'),
    ('66','63','66','75','10'),
    ('67','56','67','04','5'),
    ('71','45','71','08','2'),
    ('64','18','64','10','1'),
    ('69','10','69','01','1'),
    ('70','14','70','09','4'),
    ('66','18','66','74','10'),
    ('64','16','64','13','5'),
    ('68','01','64','08','1'),
    ('71','01','61','03','5'),
    ('64','12','61','03','3'),
    ('66','28','66','18','7'),
    ('70','26','70','09','4'),
    ('CEX','5','CEX','1','11'),
    ('66','35','61','07','10'),
    ('76','11','75','12','8'),
    ('66','77','66','75','7'),
    ('66','61','66','08','7'),
    ('61','06','61','03','5'),
    ('76','17','76','16','8'),
    ('66','71','75','41','10'),
    ('67','29','67','25','5'),
    ('74','05','64','08','1'),
    ('61','10','61','08','7'),
    ('75','68','75','65','10'),
    ('70','16','70','07','4'),
    ('67','21','62','06','5'),
    ('66','22','66','75','7'),
    ('73','15','73','11','3'),
    ('67','52','62','03','2'),
    ('76','12','63','04','8'),
    ('71','46','71','13','10'),
    ('75','08','75','06','9'),
    ('64','04','61','08','2'),
    ('64','11','62','01','5'),
    ('71','14','62','03','10'),
    ('73','15','73','12','3'),
    ('76','50','76','05','8'),
    ('73','04','73','02','3'),
    ('70','19','71','24','4'),
    ('66','71','61','10','10'),
    ('75','72','75','41','9'),
    ('74','14','64','03','1'),
    ('64','12','61','08','5'),
    ('75','72','75','06','10'),
    ('75','74','75','59','10'),
    ('64','11','62','01','3'),
    ('66','35','66','17','7'),
    ('67','42','67','27','5'),
    ('75','46','75','44','10'),
    ('66','46','66','74','7'),
    ('71','03','61','06','2'),
    ('67','24','65','06','5'),
    ('71','46','71','13','9'),
    ('73','09','73','05','3'),
    ('66','06','61','10','7'),
    ('71','14','75','42','10'),
    ('74','13','74','12','1'),
    ('62','13','63','01','2'),
    ('66','79','66','78','7'),
    ('72','07','71','05','2'),
    ('64','19','64','18','1'),
    ('66','25','62','05','7'),
    ('61','18','61','03','7'),
    ('66','35','61','07','7'),
    ('71','16','71','12','9'),
    ('71','23','61','03','4'),
    ('67','39','67','07','3'),
    ('64','17','75','12','1'),
    ('75','55','75','46','10'),
    ('67','34','67','32','5'),
    ('74','11','64','08','1'),
    ('70','30','75','01','4'),
    ('66','20','66','09','7'),
    ('76','32','76','12','8'),
    ('61','19','61','10','10'),
    ('62','06','61','08','2'),
    ('76','19','76','13','8'),
    ('66','01','75','02','7'),
    ('71','50','71','05','2'),
    ('61','09','61','08','9'),
    ('76','33','76','32','8'),
    ('72','01','63','01','10'),
    ('63','03','63','02','8'),
    ('62','03','62','01','2'),
    ('67','32','67','18','5'),
    ('75','07','75','41','9'),
    ('71','36','71','03','2'),
    ('71','15','71','14','9'),
    ('66','63','66','75','7'),
    ('70','12','70','08','4'),
    ('70','18','70','31','4'),
    ('71','36','73','07','3'),
    ('77','01','77','05','5'),
    ('76','26','76','02','8'),
    ('66','79','66','21','7'),
    ('75','53','75','51','10'),
    ('76','01','63','02','8'),
    ('61','10','61','03','2'),
    ('66','04','62','03','3'),
    ('71','20','71','15','10'),
    ('66','08','66','02','10'),
    ('64','17','64','07','1'),
    ('72','01','64','05','10'),
    ('71','36','61','06','3'),
    ('66','22','66','74','7'),
    ('61','17','61','07','7'),
    ('67','41','67','19','5'),
    ('62','03','62','01','3'),
    ('72','02','67','52','2'),
    ('67','14','67','13','5'),
    ('75','58','75','48','10'),
    ('71','33','71','08','2'),
    ('61','16','61','08','3'),
    ('67','49','62','03','5'),
    ('75','34','75','08','7'),
    ('73','01','67','02','3'),
    ('75','43','66','20','10'),
    ('62','09','62','03','7'),
    ('64','13','64','12','5'),
    ('62','06','61','08','3'),
    ('61','06','61','03','2'),
    ('62','11','62','01','7'),
    ('65','06','66','06','7'),
    ('75','12','61','03','5'),
    ('66','24','66','75','10'),
    ('67','40','67','27','5'),
    ('64','19','61','12','1'),
    ('73','06','64','13','3'),
    ('66','27','66','10','7'),
    ('62','03','62','01','5'),
    ('68','09','68','07','1'),
    ('67','31','67','04','5'),
    ('67','30','63','01','5'),
    ('61','21','61','03','7'),
    ('62','13','62','04','8'),
    ('75','15','75','06','10'),
    ('75','07','75','03','9'),
    ('68','06','70','09','4'),
    ('76','08','76','05','11'),
    ('67','28','66','03','5'),
    ('64','05','61','08','10'),
    ('71','44','71','05','2'),
    ('67','04','61','08','5'),
    ('66','69','66','09','7'),
    ('66','38','66','74','7'),
    ('68','03','64','08','1'),
    ('71','33','CEX','3','11'),
    ('70','29','70','03','1'),
    ('61','06','61','03','1'),
    ('71','16','71','14','9'),
    ('75','72','75','44','10'),
    ('71','36','61','09','7'),
    ('61','18','61','03','10'),
    ('62','03','61','03','1'),
    ('66','22','66','02','7'),
    ('66','32','62','11','10'),
    ('75','14','61','09','10'),
    ('75','32','75','10','9'),
    ('75','15','75','09','10'),
    ('67','59','64','13','5'),
    ('75','42','75','03','9'),
    ('71','23','61','03','7'),
    ('77','41','76','05','11'),
    ('71','04','61','06','2'),
    ('75','26','61','09','10'),
    ('76','18','63','07','8'),
    ('62','07','61','10','2'),
    ('62','03','62','01','7'),
    ('75','09','75','07','10'),
    ('71','32','71','07','2'),
    ('67','61','61','08','3'),
    ('75','29','61','07','7'),
    ('75','55','75','47','10'),
    ('72','06','65','03','2'),
    ('66','64','66','28','7'),
    ('75','12','61','08','3'),
    ('75','38','75','12','9'),
    ('75','09','75','06','9'),
    ('72','06','72','18','2'),
    ('68','02','68','07','1'),
    ('75','12','61','08','10'),
    ('66','32','66','18','10'),
    ('64','17','61','06','1'),
    ('67','07','67','02','5'),
    ('74','21','74','01','1'),
    ('76','13','76','12','8'),
    ('67','15','67','07','5'),
    ('67','13','63','01','3'),
    ('73','12','67','04','3'),
    ('72','11','72','18','2'),
    ('67','43','67','22','5'),
    ('67','04','61','08','1'),
    ('69','08','69','01','1'),
    ('75','10','75','08','10'),
    ('75','42','75','41','9'),
    ('66','18','66','74','7'),
    ('75','12','75','01','4'),
    ('62','18','76','03','8'),
    ('75','38','75','52','10'),
    ('71','05','71','04','7'),
    ('66','82','62','09','7'),
    ('72','09','72','18','2'),
    ('75','52','75','07','10'),
    ('75','51','75','52','10'),
    ('64','03','64','02','1'),
    ('71','04','71','01','2'),
    ('76','30','76','04','8'),
    ('71','23','61','03','3'),
    ('73','06','73','07','3'),
    ('75','41','75','40','10'),
    ('75','70','61','03','10'),
    ('72','07','72','18','2'),
    ('66','17','66','01','7'),
    ('71','37','71','08','2'),
    ('76','28','76','03','8'),
    ('75','32','75','15','9'),
    ('71','42','71','46','10'),
    ('72','04','67','03','2'),
    ('72','05','72','18','2'),
    ('63','06','62','04','8'),
    ('76','41','76','08','11'),
    ('70','19','70','09','4'),
    ('75','39','75','08','9'),
    ('73','10','73','09','3'),
    ('61','09','61','03','9'),
    ('71','15','61','09','9'),
    ('75','50','71','14','10'),
    ('67','17','67','03','2'),
    ('62','11','61','10','7'),
    ('76','02','76','01','8'),
    ('74','07','65','05','1'),
    ('75','29','61','07','9'),
    ('72','12','72','02','2'),
    ('70','07','61','03','4'),
    ('67','33','67','30','5'),
    ('75','74','75','43','10'),
    ('61','06','61','03','8'),
    ('66','31','66','18','7'),
    ('67','19','67','11','5'),
    ('67','61','75','07','10'),
    ('67','16','67','14','5'),
    ('63','09','63','04','8'),
    ('66','63','66','74','7'),
    ('66','70','75','41','10'),
    ('64','12','67','13','3'),
    ('73','03','73','01','3'),
    ('64','14','64','13','3'),
    ('62','15','61','08','10'),
    ('71','43','71','55','11'),
    ('76','08','75','12','11'),
    ('64','12','61','03','5'),
    ('67','18','67','04','3'),
    ('76','12','63','04','11'),
    ('76','03','76','02','8'),
    ('75','15','75','09','9'),
    ('69','01','62','01','1'),
    ('73','02','73','01','3'),
    ('76','01','61','08','8'),
    ('64','16','64','13','3'),
    ('66','80','66','78','7'),
    ('76','09','76','04','8'),
    ('67','29','67','28','5'),
    ('CEX','4','63','05','11'),
    ('64','04','62','01','2'),
    ('62','06','62','01','2'),
    ('75','23','61','07','7'),
    ('71','14','61','08','9'),
    ('63','10','63','07','8'),
    ('61','18','61','08','7'),
    ('69','02','69','01','1'),
    ('66','26','66','20','10'),
    ('66','62','66','21','7'),
    ('66','76','66','74','7'),
    ('66','57','62','09','7'),
    ('75','36','75','15','9'),
    ('76','05','76','03','8'),
    ('71','38','73','07','3'),
    ('61','06','61','03','4'),
    ('75','63','75','74','10'),
    ('71','12','75','06','10'),
    ('64','12','61','08','3'),
    ('75','44','71','12','10'),
    ('67','58','67','18','5'),
    ('66','08','62','05','7'),
    ('65','30','62','03','3'),
    ('64','14','64','07','1'),
    ('76','32','76','04','8'),
    ('71','31','73','02','3'),
    ('71','14','61','10','10'),
    ('67','57','67','58','8'),
    ('75','12','61','03','4'),
    ('67','24','67','18','5'),
    ('62','07','61','13','5'),
    ('75','50','71','14','9'),
    ('71','15','61','09','10'),
    ('70','13','70','12','4'),
    ('77','02','73','09','3'),
    ('66','69','75','43','10'),
    ('62','03','62','01','4'),
    ('62','11','61','10','10'),
    ('66','68','66','67','7'),
    ('64','08','64','02','1'),
    ('64','15','64','13','3'),
    ('67','22','67','21','5'),
    ('73','14','73','02','3'),
    ('71','31','71','55','11'),
    ('75','65','75','52','10'),
    ('66','32','62','11','7'),
    ('67','12','64','12','3'),
    ('66','26','66','20','7'),
    ('74','18','64','08','1'),
    ('75','06','75','03','9'),
    ('FYB','1','CEX','1','11'),
    ('67','58','75','12','8'),
    ('67','61','67','02','3'),
    ('72','13','72','01','2'),
    ('61','10','61','08','10'),
    ('69','03','61','08','2'),
    ('67','56','61','08','5'),
    ('68','11','70','18','4'),
    ('69','07','69','01','1'),
    ('67','45','67','22','5'),
    ('74','16','64','07','1'),
    ('76','43','76','05','11'),
    ('74','16','74','12','1'),
    ('74','14','64','02','1'),
    ('67','17','67','07','5'),
    ('71','08','71','05','2'),
    ('67','59','67','18','5'),
    ('71','07','61','08','7'),
    ('67','49','61','03','5'),
    ('76','01','63','03','8'),
    ('66','03','65','04','5'),
    ('75','12','75','01','8'),
    ('63','08','63','05','8'),
    ('66','81','66','78','7'),
    ('70','32','70','30','4'),
    ('71','34','71','50','3'),
    ('75','50','61','09','10'),
    ('76','05','63','06','11'),
    ('75','10','75','09','10'),
    ('73','40','73','01','3'),
    ('CEX','8','CEX','3','11'),
    ('75','20','75','08','9'),
    ('67','11','62','06','5'),
    ('76','24','76','22','8'),
    ('75','68','75','67','10'),
    ('64','12','64','11','3'),
    ('75','16','75','14','9'),
    ('71','57','61','14','11'),
    ('70','06','62','01','4'),
    ('66','51','66','74','7'),
    ('75','32','71','13','9'),
    ('76','11','76','05','8'),
    ('66','74','61','09','10'),
    ('75','08','75','06','10'),
    ('76','04','76','03','8'),
    ('64','03','63','01','1'),
    ('63','04','63','02','8'),
    ('71','34','71','51','2'),
    ('75','48','75','45','10'),
    ('71','24','71','02','4'),
    ('75','61','66','74','10'),
    ('63','08','62','04','8'),
    ('74','12','64','03','1'),
    ('64','18','75','12','1'),
    ('CEX','5','63','05','11'),
    ('66','05','66','04','3'),
    ('68','01','68','07','1'),
    ('61','09','61','08','10'),
    ('64','04','62','01','8'),
    ('70','16','70','14','4'),
    ('63','07','63','06','8'),
    ('75','12','75','01','5'),
    ('61','21','61','08','7'),
    ('64','10','64','07','1'),
    ('71','33','71','55','11'),
    ('76','16','63','07','8'),
    ('67','32','67','31','5'),
    ('70','30','70','15','4'),
    ('76','01','75','01','8'),
    ('73','01','64','11','3'),
    ('74','16','64','03','1'),
    ('75','12','75','41','10'),
    ('71','36','71','08','2'),
    ('61','19','61','10','7'),
    ('64','07','64','02','1'),
    ('75','12','61','03','8'),
    ('75','12','61','03','2'),
    ('70','32','70','15','4'),
    ('71','51','71','50','3'),
    ('66','77','66','74','7'),
    ('75','18','75','17','9'),
    ('66','65','66','28','7'),
    ('76','08','75','12','8'),
    ('66','46','66','74','10'),
    ('62','06','61','03','2'),
    ('73','15','73','05','3'),
    ('71','14','61','03','9'),
    ('65','43','76','05','11'),
    ('76','08','76','05','8'),
    ('66','10','66','74','7'),
    ('67','13','63','01','5'),
    ('67','58','75','12','5'),
    ('64','12','67','13','5'),
    ('75','51','75','15','10'),
    ('66','08','66','02','7'),
    ('70','11','70','07','4'),
    ('66','53','66','10','7'),
    ('68','08','68','07','1'),
    ('66','55','66','18','10'),
    ('72','02','72','01','2'),
    ('75','54','75','53','10'),
    ('64','11','67','02','3'),
    ('66','80','66','09','7'),
    ('66','45','66','02','7'),
    ('69','04','69','01','1'),
    ('67','25','67','11','5'),
    ('75','52','71','14','10'),
    ('74','05','74','01','1'),
    ('67','15','67','11','5'),
    ('75','54','75','48','10'),
    ('66','20','66','02','10'),
    ('75','06','75','41','9'),
    ('66','02','62','03','10'),
    ('72','07','65','03','2'),
    ('75','23','75','04','7'),
    ('69','01','61','03','1'),
    ('71','50','71','06','2'),
    ('75','12','75','01','1'),
    ('67','29','67','27','5'),
    ('67','48','67','16','5'),
    ('77','07','76','02','8'),
    ('73','06','73','12','3'),
    ('70','27','70','18','4'),
    ('75','23','75','41','9'),
    ('66','74','66','06','10'),
    ('76','29','76','05','8'),
    ('66','19','66','70','10'),
    ('73','04','64','13','3'),
    ('61','13','61','03','5'),
    ('67','47','67','16','5'),
    ('66','78','66','74','7'),
    ('62','05','61','08','7'),
    ('62','03','61','03','10'),
    ('74','21','64','03','1'),
    ('75','61','75','74','10'),
    ('71','11','74','01','1'),
    ('72','14','72','01','2'),
    ('75','42','75','12','10'),
    ('70','18','71','24','4'),
    ('72','10','72','18','2'),
    ('75','12','75','01','3'),
    ('69','09','69','01','1'),
    ('62','05','62','03','7'),
    ('75','45','75','10','10'),
    ('72','99','71','08','2'),
    ('67','26','67','21','5'),
    ('75','12','61','08','7'),
    ('75','67','61','08','10'),
    ('72','01','63','11','2'),
    ('75','12','75','01','2'),
    ('67','50','67','13','5'),
    ('62','06','62','01','5'),
    ('FYB','3','71','55','11'),
    ('75','39','75','09','9'),
    ('75','56','75','46','10'),
    ('65','43','76','02','8'),
    ('67','60','61','08','8'),
    ('63','05','63','03','8'),
    ('67','34','67','33','5'),
    ('75','29','61','07','10'),
    ('76','40','63','04','11'),
    ('64','02','61','08','1'),
    ('67','28','67','18','5'),
    ('75','29','75','41','10'),
    ('75','10','75','09','9'),
    ('67','38','67','02','3'),
    ('CEX','1','76','40','11'),
    ('75','73','75','09','10'),
    ('67','17','63','11','2'),
    ('75','44','75','10','10'),
    ('75','57','75','46','10'),
    ('66','71','61','10','7'),
    ('64','02','64','01','1'),
    ('66','42','66','78','7'),
    ('68','05','68','07','1'),
    ('67','61','61','08','10'),
    ('66','53','66','18','7'),
    ('74','09','74','04','1'),
    ('68','03','68','07','1'),
    ('76','16','76','03','8'),
    ('75','12','61','03','10'),
    ('67','17','67','14','5'),
    ('77','09','71','11','1'),
    ('73','40','73','02','3'),
    ('75','12','75','41','9'),
    ('76','20','76','08','8'),
    ('63','06','63','02','8'),
    ('62','07','62','06','5'),
    ('75','41','75','40','9'),
    ('74','15','74','01','1'),
    ('74','07','62','03','1'),
    ('62','03','61','03','3'),
    ('71','31','CEX','3','11'),
    ('67','59','67','60','5'),
    ('66','76','66','10','7'),
    ('75','38','75','12','8'),
    ('75','12','61','08','2'),
    ('76','31','76','05','8'),
    ('75','12','61','08','8'),
    ('75','55','75','48','10'),
    ('64','18','61','06','1'),
    ('73','16','73','07','3'),
    ('70','15','61','03','4'),
    ('AG','1','CEX','5','11'),
    ('72','14','71','05','2'),
    ('75','57','75','48','10'),
    ('61','09','61','08','7'),
    ('CEX','7','CEX','3','11'),
    ('62','03','61','03','5'),
    ('74','15','74','04','1'),
    ('75','09','75','42','10'),
    ('65','03','61','08','2'),
    ('67','04','61','08','3'),
    ('66','55','66','18','7'),
    ('CEX','2','CEX','1','11'),
    ('66','23','66','75','7'),
    ('71','56','71','55','11'),
    ('66','43','66','10','7'),
    ('67','44','67','33','5'),
    ('66','09','66','02','10'),
    ('71','04','61','09','7'),
    ('75','12','61','08','9'),
    ('74','11','74','01','1'),
    ('67','58','64','13','5'),
    ('74','12','64','07','1'),
    ('67','62','67','59','5'),
    ('66','75','61','09','10'),
    ('67','29','62','06','5'),
    ('67','33','67','31','5'),
    ('61','09','61','03','7'),
    ('75','30','75','29','7'),
    ('76','27','61','06','8'),
    ('75','16','75','14','10'),
    ('72','99','72','02','2'),
    ('67','41','67','25','5'),
    ('62','06','62','01','3'),
    ('74','04','65','05','1'),
    ('75','73','75','07','10'),
    ('62','03','62','01','1'),
    ('68','04','68','07','1'),
    ('66','70','62','03','10'),
    ('62','03','61','03','2'),
    ('64','05','61','03','10'),
    ('66','71','75','04','7'),
    ('71','05','71','04','2'),
    ('66','30','66','18','7'),
    ('71','07','71','03','2'),
    ('76','05','76','03','11'),
    ('75','12','61','08','5'),
    ('66','73','66','49','7'),
    ('71','14','61','07','9'),
    ('74','04','64','03','1');
insert into requires_credits(department_code,subject_code,amount,degree) values ('64','00',140,'1'),
    ('71','22',100,'2'),
    ('66','00',140,'7'),
    ('73','00',140,'3'),
    ('67','23',120,'5'),
    ('71','31',100,'8'),
    ('71','25',100,'5'),
    ('66','12',140,'7'),
    ('68','07',70,'1'),
    ('75','00',140,'10'),
    ('68','10',140,'1'),
    ('76','51',190,'8'),
    ('67','00',140,'5'),
    ('67','23',120,'3'),
    ('74','03',100,'1'),
    ('72','00',140,'2'),
    ('66','99',140,'7'),
    ('71','27',120,'7'),
    ('76','00',140,'8'),
    ('71','40',140,'10'),
    ('71','44',140,'10'),
    ('71','01',48,'2'),
    ('71','21',120,'1'),
    ('75','99',140,'10'),
    ('71','28',140,'8');
