insert into departments(code,name) values ('89','Hidráulica'),
   ('69','Hidráulica');
insert into departments(code,name) values ('93','Ingeniería Naval'),
   ('73','Ingeniería Naval');
insert into departments(code,name) values ('77','Seguridad del trabajo y ambiente'),
   ('97','Seguridad del trabajo y ambiente');
insert into departments(code,name) values ('70','Agrimensura'),
   ('90','Agrimensura');
insert into departments(code,name) values ('66','Electrónica'),
   ('86','Electrónica');
insert into departments(code,name) values ('68','Transporte'),
   ('88','Transporte');
insert into departments(code,name) values ('62','Física'),
   ('82','Física');
insert into departments(code,name) values ('95','Computación'),
   ('75','Computación');
insert into departments(code,name) values ('94','Construcciones y Estructuras'),
   ('74','Construcciones y Estructuras');
insert into departments(code,name) values ('61','Matemática'),
   ('81','Matemática');
insert into departments(code,name) values ('76','Ingeniería Química');
insert into departments(code,name) values ('67','Ingeniería Mecánica'),
   ('87','Ingeniería Mecánica');
insert into departments(code,name) values ('92','Tecnología Industrial'),
   ('72','Tecnología Industrial');
insert into departments(code,name) values ('71','Gestión'),
   ('91','Gestión');
insert into departments(code,name) values ('98','Idiomas'),
   ('78','Idiomas');
insert into departments(code,name) values ('83','Química'),
   ('63','Química');
insert into departments(code,name) values ('84','Estabilidad'),
   ('64','Estabilidad');
insert into departments(code,name) values ('85','Electrotecnia'),
   ('65','Electrotecnia');
insert into subjects(department_code,code,name) values ('61','03','Análisis Matemático II A'),
    ('61','08','Álgebra II A'),
    ('75','40','Algoritmos y Programación I'),
    ('61','07','Matemática Discreta'),
    ('75','03','Organización del Computador'),
    ('75','41','Algoritmos y Programación II'),
    ('61','09','Probabilidad y Estadística B'),
    ('71','12','Estructura de las Organizaciones'),
    ('75','06','Organización de Datos'),
    ('75','07','Algoritmos y Programación III'),
    ('71','13','Información en las Organizaciones'),
    ('75','08','Sistemas Operativos'),
    ('75','09','Análisis de la Información'),
    ('75','42','Taller de Programación I'),
    ('71','14','Modelos y Optimización 1'),
    ('75','10','Técnicas de Diseño'),
    ('75','15','Base de Datos'),
    ('71','15','Modelos y Optimización II'),
    ('71','16','Administración de Proyectos'),
    ('75','17','Implantación de Sistemas'),
    ('75','18','Proyectos Informáticos'),
    ('71','17','Derecho Informático'),
    ('71','18','Estructura Económica Argentina'),
    ('71','20','Modelos y Optimización III'),
    ('71','46','Ingeniería Económica'),
    ('75','12','Análisis Numérico I'),
    ('75','14','Lenguajes Formales'),
    ('75','16','Lenguajes de Programación'),
    ('75','19','Teoría de Comunicación'),
    ('75','20','Arquitecturas y Configuración'),
    ('75','22','Concurrencia'),
    ('75','23','Inteligencia Artificial'),
    ('75','24','Teoría de la Programación'),
    ('75','26','Simulación'),
    ('75','27','Algoritmos y Programación IV'),
    ('75','29','Teoría de Algoritmos I'),
    ('75','32','Práctica Profesional'),
    ('75','33','Redes y Teleprocesamientos I'),
    ('75','34','Redes y Teleprocesamientos II'),
    ('75','36','Seminario y Lógica de Bases de Datos'),
    ('75','38','Análisis Numérico II A'),
    ('75','39','Aplicaciones Informáticas'),
    ('75','50','Introducción a los Sistemas Inteligentes'),
    ('75','71','Seminario de Ingeniería de Inf. I'),
    ('75','72','Seminario de Ingeniería de Inf. II'),
    ('78','01','Idioma Inglés'),
    ('78','02','Idioma Alemán'),
    ('78','03','Idioma Francés'),
    ('78','04','Idioma Italiano'),
    ('78','05','Idioma Portugués'),
    ('61','03','Análisis Matemático II A'),
    ('62','01','Física I A'),
    ('63','01','Química'),
    ('61','06','Probabilidad y Estadística A'),
    ('61','08','Álgebra II A'),
    ('62','03','Física II A'),
    ('63','11','Química Aplicada A'),
    ('64','04','Estática y Resistenc. de Materiales A'),
    ('65','03','Electrotecnia General A'),
    ('67','03','Medios de Representación C'),
    ('75','01','Computación'),
    ('67','52','Termodinámica B'),
    ('71','01','Intr. a la Econom. y Org. de la Empresa'),
    ('72','01','Materiales Industriales I'),
    ('75','12','Análisis Numérico I'),
    ('67','12','Mecanismos B'),
    ('67','51','Máquinas Térmicas'),
    ('69','03','Mecánica de los Fluídos A'),
    ('71','03','Estadística Técnica'),
    ('71','04','Organización Industrial I'),
    ('71','05','Organización Industrial II'),
    ('71','06','Estructura Económica Argentina'),
    ('72','02','Industrias I'),
    ('71','07','Investigación Operativa'),
    ('72','04','Indust. de Procesos de Conformación'),
    ('72','18','Industrias II'),
    ('71','08','Organización Industrial III'),
    ('72','05','Arquitectura Industrial'),
    ('72','06','Automatización Industrial'),
    ('77','01','Higiene y Seguridad del Trabajo'),
    ('71','50','Ingeniería Económica I'),
    ('72','07','Industrias III'),
    ('72','00','Tesis de Ingeniería Industrial'),
    ('72','99','Trabajo Profesional de Ing. Industrial'),
    ('71','22','Leg. y Ejer. Prof. de la Ing. Industrial'),
    ('71','51','Ingeniería Económica II'),
    ('77','02','Introducción a la Ingeniería Ambiental'),
    ('61','10','Análisis Matemático III A'),
    ('62','06','Mecánica I'),
    ('62','07','Mecánica II'),
    ('62','13','Física III C'),
    ('67','17','Taller'),
    ('71','32','Investigación Operativa Superior'),
    ('71','33','Comercializ. de Productos Industriales'),
    ('71','34','Gestión Presupuestaria'),
    ('71','35','Estadística Técnica Superior'),
    ('71','36','Gestión de Calidad'),
    ('71','37','Dirección de Manufactura'),
    ('71','43','Logística Integral'),
    ('71','44','Recursos Humanos'),
    ('71','45','Informática p/la Gestión de Empresas'),
    ('72','09','Industrias Plásticas'),
    ('72','10','Industrias de Celulosa y Papel'),
    ('72','11','Industrias Petroquímicas'),
    ('72','12','Industrias Textiles'),
    ('72','13','Materiales Industriales II'),
    ('72','14','Diseño de Productos'),
    ('72','15','Industrias de la Alimentación'),
    ('72','17','Industrias Petrolíferas'),
    ('78','01','Idioma Inglés'),
    ('78','02','Idioma Alemán'),
    ('78','03','Idioma Francés'),
    ('78','04','Idioma Italiano'),
    ('78','05','Idioma Portugués'),
    ('61','03','Análisis Matemático II A'),
    ('62','01','Física I A'),
    ('61','08','Álgebra II A'),
    ('61','13','Análisis Matemático III C'),
    ('62','03','Física II A'),
    ('63','01','Química'),
    ('67','02','Medios de Representación B'),
    ('75','01','Computación'),
    ('62','06','Mecánica I'),
    ('64','11','Estabilidad I B'),
    ('67','07','Dibujo Mecánico'),
    ('67','13','Conocimiento de Materiales I'),
    ('75','12','Análisis Numérico I'),
    ('64','12','Estabilidad II B'),
    ('67','04','Termodinámica I A'),
    ('67','11','Mecanismos A'),
    ('67','14','Conocimiento de Materiales II'),
    ('65','04','Electrotecnia General B'),
    ('67','15','Tecnología Mecánica I'),
    ('67','16','Ensayos Industriales'),
    ('67','17','Taller'),
    ('67','18','Mecánica de los Fluídos B'),
    ('65','06','Máquinas Eléctricas'),
    ('66','03','Electrónica General'),
    ('67','19','Máquinas Alternativas'),
    ('67','20','Turbomáquinas'),
    ('67','21','Mediciones Físicas y Mecánicas'),
    ('64','13','Estabilidad III B'),
    ('67','22','Sistemas de Control'),
    ('71','01','Introducción a la Economía y Organización de la Empresa'),
    ('71','25','Legislación y Ejercicio Profesional de la Ing. Mecánica'),
    ('77','05','Proyectos Nacionales e Ing. Ambiental'),
    ('67','23','Conversión de Energía'),
    ('67','28','Sistemas Hidráulicos y Neumáticos'),
    ('67','00','Tesis de Ingeniería Mecánica'),
    ('67','24','Proyecto de Instalaciones Industriales'),
    ('77','01','Higiene y Seguridad del Trabajo'),
    ('67','98','Trabajo Profesional de Ing. Mecánica A (área Diseño Mecánico)'),
    ('67','99','Trabajo Profesional de Ing. Mecánica B (área Termomecánica)'),
    ('61','06','Probabilidad y Estadística A'),
    ('62','07','Mecánica II (área de Diseño Mecánico)'),
    ('64','14','Método de los Elementos Finitos (área Comp. Apl.)'),
    ('64','15','Estabilidad IV B'),
    ('64','16','Análisis Experimental de Tensiones'),
    ('67','25','Elementos de Máquinas (área Diseño Mecánico)'),
    ('67','26','Metrología (área de Diseño Mecánico)'),
    ('67','27','Tecnología Mecánica II (área Diseño Mecánico)'),
    ('67','29','Proyecto de Máquinas (área Diseño Mecánico)'),
    ('67','30','Combustión (área Termomecánica)'),
    ('67','31','Transferencia de Calor y Masa (área Termomecánica)'),
    ('67','32','Tecnología del Frío (área Termomecánica)'),
    ('67','33','Tecnología del Calor (área Termomecánica)'),
    ('67','34','Proy. Instal. Térmicas (área Termomecánica)'),
    ('67','40','Diseño de Máquinas Herramientas (área Diseño Mecánico)'),
    ('67','41','Automotores (área Diseño Mecánico)'),
    ('67','42','Control Numérico de Máquinas Herramientas (área Diseño Mecánico)'),
    ('67','43','Robótica Industrial (área Industrias)'),
    ('67','44','Plantas Térmicas (área Termomecánica)'),
    ('67','45','Sistemas de Control en Inst. Térmicas (área Termomecánica)'),
    ('67','46','Diseño de Instalaciones Térmicas (área Termomecánica)'),
    ('67','47','Metalografía (área Metalúrgica)'),
    ('67','48','Tratamientos Térmicos (área Metalúrgica)'),
    ('67','49','Metalurgia Física (área Metalúrgica)'),
    ('67','50','Materiales Ferrosos y sus Aplicaciones (área Metalúrgica)'),
    ('67','56','Técnicas Energéticas'),
    ('67','58','Intr. al Método de los Elementos Finitos'),
    ('67','59','Mecánica del Continuo'),
    ('67','60','Intr. al Análisis Tensorial'),
    ('67','61','Fundamentos Matemáticos de la Visión en Robótica'),
    ('67','62','Elementos Finitos Avanzados'),
    ('78','01','Idioma Inglés'),
    ('78','02','Idioma Alemán'),
    ('78','03','Idioma Francés'),
    ('78','04','Idioma Italiano'),
    ('78','05','Idioma Portugués'),
    ('61','03','Análisis Matemático II A'),
    ('61','08','Álgebra II'),
    ('62','01','Física I A'),
    ('62','03','Física II A'),
    ('63','01','Química'),
    ('67','02','Medios de Representación B'),
    ('75','01','Computación'),
    ('62','06','Mecánica I'),
    ('64','11','Estabilidad I B'),
    ('67','07','Dibujo Mecánico'),
    ('67','13','Conocimiento de Materiales I'),
    ('75','12','Análisis Numérico I'),
    ('61','06','Probabilidad y Estádistica A'),
    ('64','12','Estabilidad II B'),
    ('67','04','Termodinámica I A'),
    ('71','23','Economía'),
    ('73','01','Arquitectura Naval I'),
    ('67','39','Dibujo para Ingenieros'),
    ('65','30','Electrotecnia General D'),
    ('66','04','Electrónica I'),
    ('67','18','Mecánica de los Fluídos B'),
    ('73','02','Construcción Naval I'),
    ('66','05','Electrónica II'),
    ('73','03','Arquitectrura Naval II'),
    ('73','04','Estructura de Buques'),
    ('73','05','Introducción a Máquinas Marinas'),
    ('73','40','Prácticas de Astilleros I'),
    ('61','16','Matemática para Ingenieros'),
    ('64','13','Estabilidad III B'),
    ('67','12','Mecanismos B'),
    ('73','06','Vibraciones de Estructuras'),
    ('73','07','Construcción Naval II'),
    ('73','09','Proyecto de Buques I'),
    ('73','10','Proyecto de Buques II'),
    ('73','11','Máquinas Marinas I'),
    ('73','12','Máquinas Marinas II'),
    ('73','41','Prácticas en Astilleros II'),
    ('73','00','Tésis de Ingeniería Naval'),
    ('73','99','Trabajo Profesional de Ing. Naval y Mecánica'),
    ('64','14','Método de los Elementos Finitos'),
    ('64','15','Estabilidad IV B'),
    ('64','16','Análisis Experimental de Tensiones'),
    ('67','23','Conversión de la Energía'),
    ('67','38','Tecnología Mecánica B'),
    ('67','61','Fundamentos Matemáticos de la Visión en Robótica'),
    ('68','03','Puertos y Vías Navegables'),
    ('68','08','Planeamiento del Transporte'),
    ('71','07','Investigación Operativa'),
    ('71','31','Organización de la Producción'),
    ('71','34','Gestión Presupuestaria'),
    ('71','36','Gestión de la Calidad'),
    ('71','38','Legislación General'),
    ('71','50','Ingeniería Económica I'),
    ('71','51','Ingeniería Económica II'),
    ('72','06','Automatización Industrial'),
    ('73','14','Navegación'),
    ('73','15','Máquinas Marinas III'),
    ('73','16','Construcción Naval III'),
    ('77','01','Higiene y Seguridad del Trabajo'),
    ('77','02','Introducción a la Ing. Ambiental'),
    ('78','01','Idioma Inglés'),
    ('78','02','Idioma Alemán'),
    ('78','03','Idioma Francés'),
    ('78','04','Idioma Italiano'),
    ('78','05','Idioma Portugués'),
    ('63','07','Química Física II'),
    ('76','03','Operaciones I'),
    ('76','12','Microbiología Industrial'),
    ('76','40','Introducción a la Bioquímica'),
    ('76','04','Operaciones Unitarias II'),
    ('76','05','Operaciones Unitarias III'),
    ('CEX','1','Fundamentos de la Preservación de Alimentos I'),
    ('63','05','Química Analítica'),
    ('65','43','Ingeniería de las Instalaciones I'),
    ('CEX','3','Fundamentos de la Preservación de Alimentos II'),
    ('CEX','2','Toxicología de Alimentos'),
    ('76','08','Ingeniería de las Reacciones Química'),
    ('76','42','Ingeniería de las Instalaciones II B'),
    ('77','41','Gestión Ambiental en la Industria Alimentaria'),
    ('FYB','1','Legislación Alimentaria'),
    ('CEX','4','Tecnología de alimentos I'),
    ('71','55','Economía de la Empresa Alimentaria'),
    ('76','41','Biotecnología'),
    ('CEX','5','Tecnología de Alimentos II'),
    ('76','43','Instrumentación y Control'),
    ('76','90','Tesis de Grado de Ing. de Alimentos'),
    ('76','44','Práctica Profesional'),
    ('FYB','2','Nutrición Aplicada a Tecnología de Alimentos'),
    ('71','56','Legislación y Ejercicio Profesional de la Ingeniería de Alimentos'),
    ('CEX','6','Microbiología de Alimentos'),
    ('CEX','7','Tecnología de Alimentos III'),
    ('AG','1','Sistemas de Producción Agropecuaria y Calidad de Alimentos'),
    ('CEX','8','Análisis Avanzado de Alimentos'),
    ('71','03','Estadística Técnica'),
    ('71','31','Organización de la Producción'),
    ('71','33','Comercialización'),
    ('71','43','Logística Integral'),
    ('72','14','Diseño de Producto'),
    ('71','44','Recursos Humanos'),
    ('76','19','Procesos Fermentativos'),
    ('FYB','3','Gestión, Control y Garantía de la Calidad en la Industria Alimentaria'),
    ('71','57','Métodos Cuantitativos Aplicados en Sistemas Agroalimentarios'),
    ('78','01','Idioma Inglés'),
    ('78','02','Idioma Alemán'),
    ('78','03','Idioma Francés'),
    ('78','04','Idioma Italiano'),
    ('78','05','Idioma Portugués'),
    ('61','03','Análisis Matemático II A'),
    ('61','08','Álgebra II A'),
    ('62','01','Física I A'),
    ('61','10','Análisis Matemático III A'),
    ('62','03','Física II A'),
    ('63','01','Química'),
    ('75','02','Algoritmos y Programación I'),
    ('61','09','Probabilidad y Estadística B'),
    ('62','05','Física III'),
    ('66','01','Técnica Digital'),
    ('66','02','Laborotorio'),
    ('66','06','Análisis de Circuitos'),
    ('66','74','Señales y Sistemas'),
    ('66','08','Circuitos Electrónicos I'),
    ('66','09','Laboratorio de Microcomputadoras'),
    ('66','10','Circuitos Electrónicos II'),
    ('66','44','Instrumentos Electrónicos'),
    ('71','27','Leg. y Ejercicio Profesional de la Ing. Electrónica'),
    ('66','12','Introducción a Proyectos'),
    ('66','00','Tesis de Ingeniería Electrónica'),
    ('66','99','Trabajo Profesional de Ing. Electrónica'),
    ('61','07','Matemática Discreta'),
    ('61','17','Teoría de Grafos (área Computadoras)'),
    ('61','18','Ecuaciones Diferenciales Ordinarias'),
    ('61','19','Análisis Funcional'),
    ('61','21','Análisis Matricial y Métodos Numéricos'),
    ('62','09','Electromagnetismo B'),
    ('62','10','Física del Estado Sólido'),
    ('62','11','Mecánica Racional'),
    ('65','06','Máquinas Eléctricas'),
    ('66','75','Procesos Estocásticos'),
    ('66','17','Sistemas Digitales (área Computadoras)'),
    ('66','18','Teoría de Control (área Control)'),
    ('66','19','Circuito de Pulsos (área Computadoras)'),
    ('66','20','Organización de Computadoras (área Computadoras)'),
    ('66','21','Comunicación de Datos (área Computadoras)'),
    ('66','22','Laboratorio de Comunicaciones I (área Computadoras)'),
    ('66','23','Teoría de las Telecomunicaciones (área Comunicaciones)'),
    ('66','24','Teoría de la Información y Codificación (área Computadoras)'),
    ('66','25','Dispositivos Semiconductores'),
    ('66','26','Arquitecturas Paralelas (área Computadoras)'),
    ('66','27','Electrónica de Potencia (área Control)'),
    ('66','28','Teoría de Control II (área Control)'),
    ('66','29','Control Industrial Distribuído (área Control)'),
    ('66','30','Control no Lineal (área Control)'),
    ('66','31','Identif. y Control Adaptativo (área Control)'),
    ('66','32','Robótica (área Control)'),
    ('66','33','Laboratorio de Sistemas Digitales (área Computadoras)'),
    ('66','78','Comunicaciones Digitales y Analogicas (área Comunicaciones)'),
    ('66','35','Técnica Digital Avanzada (área Computadoras)'),
    ('66','79','Laboratorio de Comunicaciones (área Comunicaciones)'),
    ('66','38','Procesamiento de Señales I (área Comunicaciones)'),
    ('66','39','Procesamiento de Señales II (área Comunicaciones)'),
    ('66','80','Sistemas de Microondas (área Comunicaciones)'),
    ('66','81','Video y Redes de Cable (área Comunicaciones)'),
    ('66','42','Counicaciones Digitales II (área Comunicaciones)'),
    ('66','43','Ingeniería Biomédica (Materias Complementarias)'),
    ('66','45','Laboratorio de Mediciones (Materias Complementarias)'),
    ('66','46','Procesamiento del Habla'),
    ('66','47','Procesamiento de Imágenes (Materias Complementarias)'),
    ('66','48','Seminario de Electrónica (Materias Complementarias)'),
    ('66','49','Sistemas Biológicos (Materias Complementarias)'),
    ('66','50','Tecnología de los Componentes (Materias Complementarias)'),
    ('66','51','Teoría de Detección y Estimación (área Computadoras)'),
    ('66','53','Instr. y Control de Procesos (área Control)'),
    ('66','82','Propagación y Sistemas Irradiantes (área Comunicaciones)'),
    ('66','55','Simulación de Sistemas de Control (área Control)'),
    ('66','56','Control Óptimo (área Control)'),
    ('66','57','Optoelectrónica'),
    ('66','76','Transmisión y Recepción de Comunicaciones (área Comunicaciones)'),
    ('66','77','Sistemas de Comunicaciones (área Comunicaciones)'),
    ('66','61','Tecnología de Circuitos Integrados'),
    ('66','62','Redes de Computadoras'),
    ('66','63','Redes Neuronales'),
    ('66','64','Control Robusto'),
    ('66','65','Control Digital'),
    ('66','66','Seminario de Electrónica II (Materias Complementarias)'),
    ('66','67','Acústica'),
    ('66','68','Electroacústica'),
    ('66','69','Criptografía y Seguridad Informática'),
    ('66','71','Sistemas Gráficos'),
    ('66','72','Señales e Imágenes en Biomedicina'),
    ('66','73','Instalaciones e Instrumentación Biomédica'),
    ('71','01','Intr. Economía y Organización de la Empresa'),
    ('71','04','Organización Industrial I'),
    ('71','05','Organización Industrial II'),
    ('71','07','Investigación Operativa'),
    ('71','23','Economía'),
    ('71','31','Organización de la Producción'),
    ('71','36','Gestión de la Calidad'),
    ('75','04','Algoritmos y Programación II (área Computadoras)'),
    ('75','08','Sistemas Operativos (área Computadoras)'),
    ('75','12','Análisis Numérico I'),
    ('75','22','Concurrencia (área Computadoras)'),
    ('75','23','Inteligencia Artificial (área Computadoras)'),
    ('75','28','Base de Datos B (área Computadoras)'),
    ('75','29','Teoría de Algoritmos I (área Computadoras)'),
    ('75','30','Teoría de Algoritmos II (área Computadoras)'),
    ('75','31','Teoría de Lenguaje (área Computadoras)'),
    ('75','34','Redes y Teleprocesamiento II'),
    ('75','38','Análisis Numérico II A'),
    ('78','01','Idioma Inglés'),
    ('78','02','Idioma Alemán'),
    ('78','03','Idioma Francés'),
    ('78','04','Idioma Italiano'),
    ('78','05','Idioma Portugués'),
    ('61','03','Análisis Matemático II A'),
    ('62','01','Física I A'),
    ('70','02','Geometría Descriptiva'),
    ('75','01','Computación'),
    ('61','15','Matemática Aplicada a la Agrimensura'),
    ('62','03','Física II A'),
    ('70','15','Cartografía'),
    ('71','02','Agrimensura Legal I'),
    ('61','06','Probabilidad y Estadística A'),
    ('70','04','Dibujo Topográfico'),
    ('70','08','Topografía I'),
    ('70','31','Información Rural'),
    ('71','24','Agrimensura Legal II'),
    ('70','07','Cálculo de Compensación'),
    ('70','09','Topografía II'),
    ('70','12','Geodesia I'),
    ('70','18','Catastro y Valuaciones'),
    ('70','11','Topografía III (anual)'),
    ('70','13','Geodesia II'),
    ('70','14','Fotogrametría I'),
    ('70','19','Levantamiento y Práctica Profesional (anual)'),
    ('70','16','Fotogrametría II'),
    ('70','30','Introducción a los Sistemas de Información Geográfica'),
    ('68','06','Transporte A'),
    ('68','11','Ordenamiento Rural y Urbano'),
    ('70','06','Geografía Física y Geología'),
    ('70','17','Geodesia III'),
    ('70','20','Fotointerpretación'),
    ('70','24','Levantamientos Hidrográficos'),
    ('70','26','Hidráulica Agrícola y Saneamiento'),
    ('70','27','Catastro'),
    ('70','32','Sistemas de Información Geográfica'),
    ('71','23','Economía'),
    ('71','30','Agrimensura Legal III'),
    ('75','12','Análisis Numérico I'),
    ('77','02','Introducción a la Ingeniería Ambiental'),
    ('78','01','Idioma Inglés'),
    ('78','02','Idioma Alemán'),
    ('78','03','Idioma Francés'),
    ('78','04','Idioma Italiano'),
    ('78','05','Idioma Portugués'),
    ('61','03','Análisis Matemático II A'),
    ('62','01','Física I A'),
    ('70','03','Medios de Representación A'),
    ('61','08','Álgebra II A'),
    ('64','01','Estabilidad I A'),
    ('71','23','Economía'),
    ('62','03','Física II A'),
    ('64','02','Estabilidad II A'),
    ('63','01','Química'),
    ('64','07','Estabilidad III A'),
    ('69','01','Hidráulica General'),
    ('70','29','Topografía y Geodesia'),
    ('64','03','Comport. de Materiales1)'),
    ('64','08','Mecánica de Suelos'),
    ('75','01','Computación'),
    ('68','07','Ingeniería del Transporte2)'),
    ('75','12','Análisis Numérico I'),
    ('65','05','Electrotecnia General C'),
    ('74','01','Hormigón I'),
    ('74','04','Construcciones'),
    ('61','06','Probabilidad y Estadística A'),
    ('74','05','Hormigón II'),
    ('74','11','Cimentaciones'),
    ('71','11','Organización de Obras'),
    ('71','21','Legislación y Ejercicio Profesional de la Ing. Civil'),
    ('77','09','Seguridad Ambiental y del Trabajo A'),
    ('64','00','Tesis de Ingeniería Civil'),
    ('74','99','Trabajo Profesional de Ing. Civil (Constr.)'),
    ('68','99','Trabajo Profesional de Ing. Civil (Transp.)'),
    ('69','99','Trabajo Profesional de Ing. Civil (Hidrául.)'),
    ('64','10','Estabilidad IV'),
    ('64','14','Método de los Elementos Finitos'),
    ('64','16','Análisis Experimental de Tensiones'),
    ('64','17','Seguridad Estructural'),
    ('64','18','Dinámica de las Estructuras'),
    ('64','19','Dinámica de las Estructuras II'),
    ('61','12','Análisis Matemático III B'),
    ('67','04','Termodinámica I A'),
    ('78','01','Idioma Inglés'),
    ('78','02','Idioma Alemán'),
    ('78','03','Idioma Francés'),
    ('78','04','Idioma Italiano'),
    ('78','05','Idioma Portugués'),
    ('68','01','Construcción de Carreteras'),
    ('68','02','Diseño y Oper. de Caminos'),
    ('68','03','Puertos y Vías Navegables'),
    ('68','04','Ferrocarriles'),
    ('68','05','Aeropuertos'),
    ('68','08','Planeamiento del Transporte'),
    ('68','09','Tránsito'),
    ('68','10','Ingeniería Territorial'),
    ('69','02','Ingeniería Sanitaria'),
    ('69','04','Hidráulica Aplicada'),
    ('69','05','Centrales Hidráulicas'),
    ('69','06','Modelos Hidráulicos'),
    ('69','07','Hidrología'),
    ('69','08','Planific. de Recursos Hidráulicos'),
    ('69','09','Hidráulica Fluvial y Marítima'),
    ('69','10','Construcciones Hidráulicas'),
    ('69','11','Gestión Ambiental de los Recursos Hídricos'),
    ('74','03','Arquitectura y Planificación'),
    ('74','07','Instalaciones de Edificios'),
    ('74','08','Presas'),
    ('74','09','Maquinarias de la Construcción'),
    ('74','10','Urbanismo'),
    ('74','12','Estructuras Metálicas I'),
    ('74','13','Estructuras Metálicas II'),
    ('74','14','Tecnología del Hormigón'),
    ('74','15','Patología de la Construcción'),
    ('74','16','Estructuras de Madera'),
    ('74','17','Sistemas Constructivos'),
    ('74','18','Sistemas Estructurales'),
    ('74','19','Diseño Estructural'),
    ('74','21','Inspección y Ejecución de Estructuras de Hormigón'),
    ('61','03','Análisis Matemático II A'),
    ('61','08','Álgebra II A'),
    ('70','03','Medios de Representación A'),
    ('61','06','Probabilidad y Estadística A'),
    ('62','01','Física I A'),
    ('63','01','Química'),
    ('75','01','Computación'),
    ('62','03','Física II A'),
    ('64','01','Estabilidad I A'),
    ('70','29','Topografía y Geodesia'),
    ('75','12','Análisis Numérico I'),
    ('64','02','Estabilidad II A'),
    ('69','01','Hidráulica General'),
    ('64','03','Comport. de Materiales'),
    ('64','07','Estabilidad III A'),
    ('65','05','Electrotecnia General C'),
    ('71','23','Economía'),
    ('64','08','Mecánica de Suelos'),
    ('74','01','Hormigón I'),
    ('68','07','Ingeniería del Transporte'),
    ('71','11','Organización de Obras'),
    ('71','21','Leg. y Ejer. Prof. de la Ing. Civil'),
    ('74','04','Construcciones'),
    ('74','05','Hormigón II'),
    ('74','11','Cimentaciones'),
    ('77','09','Seguridad Amb. y del Trabajo A'),
    ('64','00','Tesis de Ingeniería Civil'),
    ('74','99','Trabajo Prof.de Ing. Civil (Constr.)'),
    ('68','99','Trabajo Prof. de Ing. Civil (Transp.)'),
    ('69','99','Trabajo Prof. de Ing. Civil (Hidrául.)'),
    ('61','12','Análisis Matemático III B'),
    ('64','10','Estabilidad IV'),
    ('64','14','Método de los Elementos Finitos'),
    ('64','16','Análisis Experimental de Tensiones'),
    ('64','17','Seguridad Estructural'),
    ('64','18','Dinámica de las Estructuras'),
    ('64','19','Dinámica de las Estructuras II'),
    ('67','04','Termodinámica I A'),
    ('69','02','Ingeniería Sanitaria'),
    ('69','04','Hidráulica Aplicada'),
    ('69','11','Gestión Ambiental de los Recursos Hídricos'),
    ('74','03','Arquitectura y Planificación'),
    ('74','07','Instalaciones de Edificios'),
    ('74','08','Presas'),
    ('74','09','Maquinarias de la Construcción'),
    ('74','10','Urbanismo'),
    ('74','21','Inspección y Ejecución de Estructuras de Hormigón'),
    ('78','01','Idioma Inglés'),
    ('78','02','Idioma Alemán'),
    ('78','03','Idioma Francés'),
    ('78','04','Idioma Italiano'),
    ('78','05','Idioma Portugués'),
    ('68','01','Construcción de Carreteras'),
    ('68','02','Diseño y Oper. de Caminos'),
    ('68','03','Puertos y Vías Navegables'),
    ('68','04','Ferrocarriles'),
    ('68','05','Aeropuertos'),
    ('68','08','Planeamiento del Transporte'),
    ('68','09','Tránsito'),
    ('68','10','Ingeniería Territorial'),
    ('69','05','Centrales Hidráulicas'),
    ('69','06','Modelos Hidráulicos'),
    ('69','07','Hidrología'),
    ('69','08','Planific. de Recursos Hidráulicos'),
    ('69','09','Hidráulica Fluvial y Marítima'),
    ('69','10','Construcciones Hidráulicas'),
    ('74','12','Estructuras Metálicas I'),
    ('74','13','Estructuras Metálicas II'),
    ('74','14','Tecnología del Hormigón'),
    ('74','15','Patología de la Construcción'),
    ('74','16','Estructuras de Madera'),
    ('74','17','Sistemas Constructivos'),
    ('74','18','Sistemas Estructurales'),
    ('74','19','Diseño Estructural'),
    ('61','03','Análisis Matemático II A'),
    ('62','01','Física I A'),
    ('63','02','Química I'),
    ('61','08','Álgebra II A'),
    ('62','04','Física II B'),
    ('63','03','Química II'),
    ('75','01','Computación'),
    ('63','04','Química III'),
    ('75','12','Análisis Numérico I'),
    ('76','01','Introduc. a la Ingeniería Química I'),
    ('61','14','Matemática Especial para Ing. Química'),
    ('63','06','Química Física'),
    ('76','02','Introduc. a la Ingenieria Química II'),
    ('63','05','Química Analítica'),
    ('63','07','Química Física II'),
    ('76','03','Operaciones I'),
    ('76','04','Operaciones Unitarias II'),
    ('76','05','Operaciones Unitarias III'),
    ('65','43','Ingeniería de las Instalaciones I'),
    ('76','08','Ingeniería de las Reacciones Químicas'),
    ('77','07','Ingeniería de las Instalaciones II'),
    ('76','09','Instrum. y Control de Plantas Químicas'),
    ('71','28','Leg. y Ejer. Profesional de la Ing. Química'),
    ('77','08','Seguridad Ambiental y del Trabajo B'),
    ('76','00','Tesis de Ingeniería Química'),
    ('76','99','Trabajo Prof. de Ing. Química'),
    ('61','06','Probabilidad y Estadística A'),
    ('62','13','Física III C'),
    ('62','18','Física de Fluidos'),
    ('63','08','Análisis Instrumental'),
    ('63','09','Química Orgánica Especial'),
    ('63','10','Termodinámica Estadística'),
    ('64','04','Estática y Resistencia de Materiales A'),
    ('67','03','Medios de Representación C'),
    ('67','13','Conocimiento de Materiales I'),
    ('67','57','Elementos Finitos Avanzados en la Mecánica de Fluidos'),
    ('67','58','Introducción al Método de los Elementos Finitos'),
    ('67','59','Mecánica del Continuo'),
    ('67','60','Introducción al Análisis Tensorial'),
    ('71','31','Organización de la Producción'),
    ('75','38','Análisis Numérico II A'),
    ('76','11','Análisis de Sistemas y Optimización'),
    ('76','12','Microbiología Industrial'),
    ('76','13','Bioingeniería Industrial'),
    ('76','16','Electroquímica'),
    ('76','17','Procesos Electroquímicos'),
    ('76','18','Físicoquímica Especial'),
    ('76','19','Procesos Fermentativos'),
    ('76','20','Ing. de las Reacciones Químicas II'),
    ('76','22','Fundamentos de la Ing. de Reservorios'),
    ('76','23','Recuperación Asistida de Petróleo'),
    ('76','24','Fund. de la Sim. Numérica de Reservorio'),
    ('76','26','Evaluación de Proyectos'),
    ('76','27','Control Estadístico de Procesos'),
    ('76','28','Gestión de Recursos en la Ind. de Procesos'),
    ('76','29','Industria de Procesos'),
    ('76','30','Industrias Alimenticias'),
    ('76','31','Simulación de Plantas Químicas B'),
    ('76','50','Diseño de Procesos'),
    ('76','51','Introducción a la Planificación Interactiva'),
    ('78','01','Idioma Inglés'),
    ('78','02','Idioma Alemán'),
    ('78','03','Idioma Francés'),
    ('78','04','Idioma Italiano'),
    ('78','05','Idioma Portugués'),
    ('76','32','Preservación de Alimentos'),
    ('76','33','Procesamiento Industrial de Alimentos'),
    ('61','03','Análisis Matemático II A'),
    ('62','01','Física I A'),
    ('75','40','Algoritmos y Programación I'),
    ('61','08','Álgebra II A'),
    ('62','03','Física II A'),
    ('63','01','Química'),
    ('75','41','Algoritmos y Programación II'),
    ('62','15','Física III D'),
    ('66','02','Laboratorio'),
    ('66','70','Estructrura del Computador'),
    ('75','07','Algoritmos y Programación III'),
    ('75','12','Análisis Numérico I'),
    ('61','09','Probabilidad y Estadística B'),
    ('61','10','Análisis Matemático III A'),
    ('66','20','Organización de Computadoras'),
    ('75','06','Organización de Datos'),
    ('75','42','Taller de Programación I'),
    ('71','12','Estructura de las Organizaciones'),
    ('71','14','Modelos y Optimización I'),
    ('75','08','Sistemas Operativos'),
    ('75','09','Análisis de la Información'),
    ('75','10','Técnicas de Diseño'),
    ('75','15','Base de Datos'),
    ('75','43','Introducción a los Sistemas Distribuídos'),
    ('75','52','Taller de Programación II'),
    ('71','40','Legislación y Ejercicio Profesional de la Ing. en Informática'),
    ('75','00','Tesis de Ingeniería Informática'),
    ('75','99','Trabajo Profesional de Ing. Informática'),
    ('71','13','Información en las Organizaciones'),
    ('75','44','Administración y Control de Proyectos Informáticos I'),
    ('75','45','Taller de Desarrollo de Proyectos I'),
    ('75','46','Administración y Control de Proyectos Informáticos II'),
    ('75','47','Taller de Desarrollo de Proyectos II'),
    ('75','48','Calidad en Desarrollo de Sistemas'),
    ('66','06','Análisis de Circuitos'),
    ('66','74','Señales y Sistemas'),
    ('75','59','Técnicas de Programación Concurrente I'),
    ('75','74','Sistemas Distribuídos I'),
    ('75','61','Taller de Programación III'),
    ('64','05','Estática y Resistencia de Materiales B'),
    ('72','01','Materiales Industriales I'),
    ('75','65','Manufactura Integrada Por Computadora (CIM)I'),
    ('75','66','Manufactura Integrada por Computadora (CIM)II'),
    ('75','67','Sistemas Automáticos de Diagnóstico y Detección de Fallas I'),
    ('75','68','Sistemas de Soporte para Celdas de Producción Flexible'),
    ('61','07','Matemática Discreta'),
    ('61','18','Ecuaciones Diferenciales Ordinarias'),
    ('61','19','Análisis Funcional'),
    ('62','11','Mecánica Racional'),
    ('66','08','Circuitos Electrónicos I'),
    ('66','09','Laboratorio de Microcomputadoras'),
    ('66','17','Sistemas Digitales'),
    ('66','18','Teoría de Control I'),
    ('66','19','Circuitos de Pulsos'),
    ('66','24','Teoría de la Información y Codificación'),
    ('66','26','Arquitecturas Paralelas'),
    ('66','32','Robótica'),
    ('66','35','Técnica Digital Avanzada'),
    ('66','46','Procesamiento del Habla'),
    ('66','47','Procesamiento de Imágenes'),
    ('66','49','Sistemas Biológicos'),
    ('66','55','Simulación de Sistemas de Control'),
    ('66','63','Redes Neuronales'),
    ('66','69','Criptografía y Seguridad Informática'),
    ('66','71','Sistemas Gráficos'),
    ('66','75','Procesos Estocásticos'),
    ('67','61','Fundamentos Matemáticos de la Visión en Robótica'),
    ('71','15','Modelos y Optimización II'),
    ('71','18','Estructura Económica Argentina'),
    ('71','20','Modelos y Optimización III'),
    ('71','41','Análisis y Resolución de Problemas'),
    ('71','42','Circuitos de Información en la Empresa'),
    ('71','44','Recursos Humanos'),
    ('71','46','Ingeniería Económica'),
    ('75','14','Lenguajes Formales'),
    ('75','16','Lenguajes de Programación'),
    ('75','26','Simulación'),
    ('75','29','Teoría de Algoritmos I'),
    ('75','30','Teoría de Algoritmos II'),
    ('75','31','Teoría de Lenguaje'),
    ('75','38','Análisis Numérico II A'),
    ('75','50','Introducción a los Sistemas Inteligentes'),
    ('75','51','Técnicas de Producción de Software I'),
    ('75','53','Técnicas de Producción de Software II'),
    ('75','54','Técnicas de Producción de Software III'),
    ('75','55','Taller de Desarrollo de Proyectos III'),
    ('75','56','Organización de la Implantación y el Mantenimiento'),
    ('75','57','Modelos de Proceso de Desarrollo'),
    ('75','58','Evaluación de Proy. y Manejo de Riesgos'),
    ('75','62','Técnicas de Programación Concurrente II'),
    ('75','63','Sistemas Distribuidos II'),
    ('75','64','Sistemas Multimediales'),
    ('75','69','Sistemas Automáticos de Diagnóstico y Detección de Fallas II'),
    ('75','70','Sistemas de Programación No Convencional de Robots'),
    ('75','71','Seminario de Ing. en Informática I'),
    ('75','72','Seminario de Ing. en Informática II'),
    ('75','73','Arquitectura de Software'),
    ('78','01','Idioma Inglés'),
    ('78','02','Idioma Alemán'),
    ('78','03','Idioma Francés'),
    ('78','04','Idioma Italiano'),
    ('78','05','Idioma Portugués');
insert into credits(department_code,subject_code,degree,amount) values ('61','03','9',8)/*61.03	Análisis Matemático II A	8	C.B.C.*/,
    ('61','08','9',8)/*61.08	Álgebra II A	8	C.B.C.*/,
    ('75','40','9',6)/*75.40	Algoritmos y Programación I	6	C.B.C.*/,
    ('61','07','9',6)/*61.07	Matemática Discreta	6	C.B.C.*/,
    ('75','03','9',8)/*75.03	Organización del Computador	8	75.40*/,
    ('75','41','9',6)/*75.41	Algoritmos y Programación II	6	75.40*/,
    ('61','09','9',6)/*61.09	Probabilidad y Estadística B	6	61.03 - 61.08*/,
    ('71','12','9',6)/*71.12	Estructura de las Organizaciones	6	C.B.C.*/,
    ('75','06','9',6)/*75.06	Organización de Datos	6	75.03 - 75.41*/,
    ('75','07','9',6)/*75.07	Algoritmos y Programación III	6	75.03 - 75.41*/,
    ('71','13','9',6)/*71.13	Información en las Organizaciones	6	71.12*/,
    ('75','08','9',6)/*75.08	Sistemas Operativos	6	75.06*/,
    ('75','09','9',6)/*75.09	Análisis de la Información	6	75.06 - 75.07*/,
    ('75','42','9',4)/*75.42	Taller de Programación I	4	75.03 - 75.41*/,
    ('71','14','9',6)/*71.14	Modelos y Optimización 1	6	61.07 - 61.03 - 61.08*/,
    ('75','10','9',6)/*75.10	Técnicas de Diseño	6	75.09*/,
    ('75','15','9',6)/*75.15	Base de Datos	6	75.09*/,
    ('71','15','9',6)/*71.15	Modelos y Optimización II	6	71.14 - 61.09*/,
    ('71','16','9',6)/*71.16	Administración de Proyectos	6	71.12 - 71.14*/,
    ('75','17','9',6)/*75.17	Implantación de Sistemas	6	75.10*/,
    ('75','18','9',6)/*75.18	Proyectos Informáticos	6	71.13 - 71.16 - 75.17*/,
    ('71','17','9',4)/*71.17	Derecho Informático	4	sin correlativas asignadas*/,
    ('71','18','9',4)/*71.18	Estructura Económica Argentina	4	sin correlativas asignadas*/,
    ('71','20','9',6)/*71.20	Modelos y Optimización III	6	71.15*/,
    ('71','46','9',6)/*71.46	Ingeniería Económica	6	71.13*/,
    ('75','12','9',6)/*75.12	Análisis Numérico I	6	61.03 - 61.08 - 75.41*/,
    ('75','14','9',6)/*75.14	Lenguajes Formales	6	61.07*/,
    ('75','16','9',6)/*75.16	Lenguajes de Programación	6	75.14Res(CD)4175/05(*)*/,
    ('75','19','9',6)/*75.19	Teoría de Comunicación	6	75.08*/,
    ('75','20','9',6)/*75.20	Arquitecturas y Configuración	6	75.08*/,
    ('75','22','9',8)/*75.22	Concurrencia	8	75.08*/,
    ('75','23','9',6)/*75.23	Inteligencia Artificial	6	75.41*/,
    ('75','24','9',4)/*75.24	Teoría de la Programación	4	75.41*/,
    ('75','26','9',6)/*75.26	Simulación	6	61.09*/,
    ('75','27','9',6)/*75.27	Algoritmos y Programación IV	6	75.07*/,
    ('75','29','9',6)/*75.29	Teoría de Algoritmos I	6	61.07 - 75.41*/,
    ('75','32','9',3)/*75.32	Práctica Profesional	3	71.13 - 75.10 - 75.15*/,
    ('75','33','9',6)/*75.33	Redes y Teleprocesamientos I	6	75.08 - 75.15*/,
    ('75','34','9',6)/*75.34	Redes y Teleprocesamientos II	6	75.33*/,
    ('75','36','9',3)/*75.36	Seminario y Lógica de Bases de Datos	3	75.15*/,
    ('75','38','9',6)/*75.38	Análisis Numérico II A	6	75.12*/,
    ('75','39','9',6)/*75.39	Aplicaciones Informáticas	6	75.08 - 75.09*/,
    ('75','50','9',6)/*75.50	Introducción a los Sistemas Inteligentes	6	61.09 - 71.14*/,
    ('75','71','9',3)/*75.71	Seminario de Ingeniería de Inf. I	3	75.07*/,
    ('75','72','9',3)/*75.72	Seminario de Ingeniería de Inf. II	3	75.41 - 75.06*/,
    ('78','01','9',4)/*78.01	Idioma Inglés	4	C.B.C.*/,
    ('78','02','9',4)/*78.02	Idioma Alemán	4	C.B.C.*/,
    ('78','03','9',4)/*78.03	Idioma Francés	4	C.B.C.*/,
    ('78','04','9',4)/*78.04	Idioma Italiano	4	C.B.C.*/,
    ('78','05','9',4)/*78.05	Idioma Portugués	4	C.B.C.*/,
    ('61','03','2',8)/*61.03	Análisis Matemático II A	8	CBC*/,
    ('62','01','2',8)/*62.01	Física I A	8	CBC*/,
    ('63','01','2',6)/*63.01	Química	6	CBC*/,
    ('61','06','2',4)/*61.06	Probabilidad y Estadística A	4	61.03*/,
    ('61','08','2',8)/*61.08	Álgebra II A	8	CBC*/,
    ('62','03','2',8)/*62.03	Física II A	8	61.03 - 62.01*/,
    ('63','11','2',6)/*63.11	Química Aplicada A	6	63.01*/,
    ('64','04','2',8)/*64.04	Estática y Resistenc. de Materiales A	8	61.03 - 61.08 - 62.01*/,
    ('65','03','2',8)/*65.03	Electrotecnia General A	8	61.08 - 62.03*/,
    ('67','03','2',4)/*67.03	Medios de Representación C	4	CBC*/,
    ('75','01','2',4)/*75.01	Computación	4	CBC*/,
    ('67','52','2',4)/*67.52	Termodinámica B	4	62.03*/,
    ('71','01','2',4)/*71.01	Intr. a la Econom. y Org. de la Empresa	4	48 créditos*/,
    ('72','01','2',6)/*72.01	Materiales Industriales I	6	63.11 - 64.04*/,
    ('75','12','2',6)/*75.12	Análisis Numérico I	6	61.03 - 61.08 - 75.01*/,
    ('67','12','2',6)/*67.12	Mecanismos B	6	64.04 - 67.03*/,
    ('67','51','2',4)/*67.51	Máquinas Térmicas	4	67.52*/,
    ('69','03','2',6)/*69.03	Mecánica de los Fluídos A	6	61.03 - 61.08 - 62.01*/,
    ('71','03','2',6)/*71.03	Estadística Técnica	6	61.06*/,
    ('71','04','2',4)/*71.04	Organización Industrial I	4	61.06 - 71.01*/,
    ('71','05','2',4)/*71.05	Organización Industrial II	4	71.04*/,
    ('71','06','2',6)/*71.06	Estructura Económica Argentina	6	71.01*/,
    ('72','02','2',6)/*72.02	Industrias I	6	67.52 - 69.03 - 72.01*/,
    ('71','07','2',8)/*71.07	Investigación Operativa	8	71.03*/,
    ('72','04','2',8)/*72.04	Indust. de Procesos de Conformación	8	67.03 - 67.12 - 71.05 - 72.01*/,
    ('72','18','2',8)/*72.18	Industrias II	8	72.02*/,
    ('71','08','2',6)/*71.08	Organización Industrial III	6	71.05*/,
    ('72','05','2',4)/*72.05	Arquitectura Industrial	4	64.04 - 72.18*/,
    ('72','06','2',4)/*72.06	Automatización Industrial	4	65.03 - 67.12 - 72.18*/,
    ('77','01','2',4)/*77.01	Higiene y Seguridad del Trabajo	4	72.02*/,
    ('71','50','2',4)/*71.50	Ingeniería Económica I	4	71.05 - 71.06*/,
    ('72','07','2',6)/*72.07	Industrias III	6	65.03 - 71.05 - 72.18*/,
    ('72','00','2',18)/*72.00	Tesis de Ingeniería Industrial	18	140 créditos*/,
    ('72','99','2',18)/*72.99	Trabajo Profesional de Ing. Industrial	18	71.08 - 72.02 - 72.05 - 72.18*/,
    ('71','22','2',4)/*71.22	Leg. y Ejer. Prof. de la Ing. Industrial	4	100 créditos*/,
    ('71','51','2',4)/*71.51	Ingeniería Económica II	4	71.50*/,
    ('77','02','2',4)/*77.02	Introducción a la Ingeniería Ambiental	4	77.01*/,
    ('61','10','2',8)/*61.10	Análisis Matemático III A	8	61.03 - 61.08*/,
    ('62','06','2',6)/*62.06	Mecánica I	6	61.03 - 61.08 - 62.01*/,
    ('62','07','2',4)/*62.07	Mecánica II	4	61.10 - 62.06*/,
    ('62','13','2',6)/*62.13	Física III C	6	61.08 - 62.03 - 63.01*/,
    ('67','17','2',4)/*67.17	Taller	4	63.11 - 67.03 - 67.12*/,
    ('71','32','2',4)/*71.32	Investigación Operativa Superior	4	71.07*/,
    ('71','33','2',4)/*71.33	Comercializ. de Productos Industriales	4	71.08*/,
    ('71','34','2',4)/*71.34	Gestión Presupuestaria	4	71.51*/,
    ('71','35','2',6)/*71.35	Estadística Técnica Superior	6	71.03*/,
    ('71','36','2',4)/*71.36	Gestión de Calidad	4	71.03 - 71.08*/,
    ('71','37','2',6)/*71.37	Dirección de Manufactura	6	71.08*/,
    ('71','43','2',4)/*71.43	Logística Integral	4	71.08*/,
    ('71','44','2',4)/*71.44	Recursos Humanos	4	71.05*/,
    ('71','45','2',4)/*71.45	Informática p/la Gestión de Empresas	4	71.08*/,
    ('72','09','2',4)/*72.09	Industrias Plásticas	4	72.18*/,
    ('72','10','2',4)/*72.10	Industrias de Celulosa y Papel	4	72.18*/,
    ('72','11','2',4)/*72.11	Industrias Petroquímicas	4	72.18*/,
    ('72','12','2',4)/*72.12	Industrias Textiles	4	72.02*/,
    ('72','13','2',4)/*72.13	Materiales Industriales II	4	72.01*/,
    ('72','14','2',4)/*72.14	Diseño de Productos	4	71.05 - 72.01*/,
    ('72','15','2',4)/*72.15	Industrias de la Alimentación	4	72.18*/,
    ('72','17','2',4)/*72.17	Industrias Petrolíferas	4	72.18*/,
    ('78','01','2',4)/*78.01	Idioma Inglés	4	CBC*/,
    ('78','02','2',4)/*78.02	Idioma Alemán	4	CBC*/,
    ('78','03','2',4)/*78.03	Idioma Francés	4	CBC*/,
    ('78','04','2',4)/*78.04	Idioma Italiano	4	CBC*/,
    ('78','05','2',4)/*78.05	Idioma Portugués	4	CBC*/,
    ('61','03','5',8)/*61.03	Análisis Matemático II A	8	CBC*/,
    ('62','01','5',8)/*62.01	Física I A	8	CBC*/,
    ('61','08','5',8)/*61.08	Álgebra II A	8	CBC*/,
    ('61','13','5',4)/*61.13	Análisis Matemático III C	4	61.03 - 61.08*/,
    ('62','03','5',8)/*62.03	Física II A	8	61.03 - 62.01*/,
    ('63','01','5',6)/*63.01	Química	6	CBC*/,
    ('67','02','5',6)/*67.02	Medios de Representación B	6	CBC*/,
    ('75','01','5',4)/*75.01	Computación	4	CBC*/,
    ('62','06','5',6)/*62.06	Mecánica I	6	61.03 - 61.08 - 62.01*/,
    ('64','11','5',6)/*64.11	Estabilidad I B	6	62.01 - 67.02*/,
    ('67','07','5',2)/*67.07	Dibujo Mecánico	2	67.02*/,
    ('67','13','5',6)/*67.13	Conocimiento de Materiales I	6	63.01*/,
    ('75','12','5',6)/*75.12	Análisis Numérico I	6	61.03 - 61.08 - 75.01*/,
    ('64','12','5',8)/*64.12	Estabilidad II B	8	61.03 - 61.08 - 64.11 - 67.13*/,
    ('67','04','5',8)/*67.04	Termodinámica I A	8	61.08 - 62.03*/,
    ('67','11','5',4)/*67.11	Mecanismos A	4	62.06*/,
    ('67','14','5',4)/*67.14	Conocimiento de Materiales II	4	63.01 - 67.13*/,
    ('65','04','5',6)/*65.04	Electrotecnia General B	6	62.03*/,
    ('67','15','5',6)/*67.15	Tecnología Mecánica I	6	67.07 - 67.11*/,
    ('67','16','5',4)/*67.16	Ensayos Industriales	4	67.14*/,
    ('67','17','5',4)/*67.17	Taller	4	67.07 - 67.11 - 67.14*/,
    ('67','18','5',6)/*67.18	Mecánica de los Fluídos B	6	67.04*/,
    ('65','06','5',6)/*65.06	Máquinas Eléctricas	6	65.04*/,
    ('66','03','5',4)/*66.03	Electrónica General	4	65.04*/,
    ('67','19','5',6)/*67.19	Máquinas Alternativas	6	67.04 - 67.11*/,
    ('67','20','5',6)/*67.20	Turbomáquinas	6	67.11 - 67.18*/,
    ('67','21','5',4)/*67.21	Mediciones Físicas y Mecánicas	4	62.06 - 67.18*/,
    ('64','13','5',6)/*64.13	Estabilidad III B	6	64.12*/,
    ('67','22','5',4)/*67.22	Sistemas de Control	4	61.13 - 67.21*/,
    ('71','01','5',4)/*71.01	Introducción a la Economía y Organización de la Empresa	4	61.03*/,
    ('71','25','5',2)/*71.25	Legislación y Ejercicio Profesional de la Ing. Mecánica	2	100 créditos*/,
    ('77','05','5',4)/*77.05	Proyectos Nacionales e Ing. Ambiental	4	67.21*/,
    ('67','23','5',2)/*67.23	Conversión de Energía	2	120 créditos*/,
    ('67','28','5',4)/*67.28	Sistemas Hidráulicos y Neumáticos	4	66.03 - 67.18*/,
    ('67','00','5',18)/*67.00	Tesis de Ingeniería Mecánica	18	140 créditos*/,
    ('67','24','5',6)/*67.24	Proyecto de Instalaciones Industriales	6	65.06 - 67.18*/,
    ('77','01','5',4)/*77.01	Higiene y Seguridad del Trabajo	4	77.05*/,
    ('67','98','5',14)/*67.98	Trabajo Profesional de Ing. Mecánica A (área Diseño Mecánico)	14	*/,
    ('67','99','5',14)/*67.99	Trabajo Profesional de Ing. Mecánica B (área Termomecánica)	14	*/,
    ('61','06','5',4)/*61.06	Probabilidad y Estadística A	4	61.03*/,
    ('62','07','5',4)/*62.07	Mecánica II (área de Diseño Mecánico)	4	61.13 - 62.06*/,
    ('64','14','5',4)/*64.14	Método de los Elementos Finitos (área Comp. Apl.)	4	64.13*/,
    ('64','15','5',6)/*64.15	Estabilidad IV B	6	64.13*/,
    ('64','16','5',2)/*64.16	Análisis Experimental de Tensiones	2	64.13*/,
    ('67','25','5',8)/*67.25	Elementos de Máquinas (área Diseño Mecánico)	8	64.12 - 67.11*/,
    ('67','26','5',4)/*67.26	Metrología (área de Diseño Mecánico)	4	67.21*/,
    ('67','27','5',6)/*67.27	Tecnología Mecánica II (área Diseño Mecánico)	6	67.15 - 67.17*/,
    ('67','29','5',6)/*67.29	Proyecto de Máquinas (área Diseño Mecánico)	6	62.061) - 67.25 - 67.27 - 67.28*/,
    ('67','30','5',4)/*67.30	Combustión (área Termomecánica)	4	63.01 - 67.04*/,
    ('67','31','5',4)/*67.31	Transferencia de Calor y Masa (área Termomecánica)	4	67.04*/,
    ('67','32','5',6)/*67.32	Tecnología del Frío (área Termomecánica)	6	67.18 - 67.31*/,
    ('67','33','5',8)/*67.33	Tecnología del Calor (área Termomecánica)	8	67.30 - 67.31*/,
    ('67','34','5',6)/*67.34	Proy. Instal. Térmicas (área Termomecánica)	6	67.32 - 67.33*/,
    ('67','40','5',6)/*67.40	Diseño de Máquinas Herramientas (área Diseño Mecánico)	6	67.13 - 67.26 - 67.27*/,
    ('67','41','5',6)/*67.41	Automotores (área Diseño Mecánico)	6	67.19 - 67.25*/,
    ('67','42','5',6)/*67.42	Control Numérico de Máquinas Herramientas (área Diseño Mecánico)	6	67.27*/,
    ('67','43','5',6)/*67.43	Robótica Industrial (área Industrias)	6	62.062) - 67.22*/,
    ('67','44','5',4)/*67.44	Plantas Térmicas (área Termomecánica)	4	67.33*/,
    ('67','45','5',4)/*67.45	Sistemas de Control en Inst. Térmicas (área Termomecánica)	4	67.33 - 67.22*/,
    ('67','46','5',4)/*67.46	Diseño de Instalaciones Térmicas (área Termomecánica)	4	67.34*/,
    ('67','47','5',6)/*67.47	Metalografía (área Metalúrgica)	6	67.13 - 67.16*/,
    ('67','48','5',4)/*67.48	Tratamientos Térmicos (área Metalúrgica)	4	67.13 - 67.16*/,
    ('67','49','5',6)/*67.49	Metalurgia Física (área Metalúrgica)	6	61.03 - 62.03 - 63.01*/,
    ('67','50','5',4)/*67.50	Materiales Ferrosos y sus Aplicaciones (área Metalúrgica)	4	67.13*/,
    ('67','56','5',4)/*67.56	Técnicas Energéticas	4	67.04 - 61.08*/,
    ('67','58','5',6)/*67.58	Intr. al Método de los Elementos Finitos	6	64.13 - 67.18 - 75.12*/,
    ('67','59','5',6)/*67.59	Mecánica del Continuo	6	64.13 - 67.18 - 67.60*/,
    ('67','60','5',4)/*67.60	Intr. al Análisis Tensorial	4	61.03 - 61.08*/,
    ('67','61','5',4)/*67.61	Fundamentos Matemáticos de la Visión en Robótica	4	61.08 - 67.02*/,
    ('67','62','5',6)/*67.62	Elementos Finitos Avanzados	6	67.58 - 67.59*/,
    ('78','01','5',4)/*78.01	Idioma Inglés	4	CBC*/,
    ('78','02','5',4)/*78.02	Idioma Alemán	4	CBC*/,
    ('78','03','5',4)/*78.03	Idioma Francés	4	CBC*/,
    ('78','04','5',4)/*78.04	Idioma Italiano	4	CBC*/,
    ('78','05','5',4)/*78.05	Idioma Portugués	4	CBC*/,
    ('61','03','3',8)/*61.03	Análisis Matemático II A	8	CBC*/,
    ('61','08','3',8)/*61.08	Álgebra II	8	CBC*/,
    ('62','01','3',8)/*62.01	Física I A	8	CBC*/,
    ('62','03','3',8)/*62.03	Física II A	8	61.03 - 62.01*/,
    ('63','01','3',6)/*63.01	Química	6	CBC*/,
    ('67','02','3',6)/*67.02	Medios de Representación B	6	CBC*/,
    ('75','01','3',4)/*75.01	Computación	4	CBC*/,
    ('62','06','3',6)/*62.06	Mecánica I	6	61.03 - 61.08 - 62.01*/,
    ('64','11','3',6)/*64.11	Estabilidad I B	6	62.01 - 67.02*/,
    ('67','07','3',2)/*67.07	Dibujo Mecánico	2	67.02*/,
    ('67','13','3',6)/*67.13	Conocimiento de Materiales I	6	63.01*/,
    ('75','12','3',6)/*75.12	Análisis Numérico I	6	61.03 - 61.08 - 75.01*/,
    ('61','06','3',4)/*61.06	Probabilidad y Estádistica A	4	61.03*/,
    ('64','12','3',8)/*64.12	Estabilidad II B	8	61.03 - 61.08 - 64.11 - 67.13*/,
    ('67','04','3',8)/*67.04	Termodinámica I A	8	61.08 - 62.03*/,
    ('71','23','3',4)/*71.23	Economía	4	61.03*/,
    ('73','01','3',6)/*73.01	Arquitectura Naval I	6	64.11 - 67.02*/,
    ('67','39','3',6)/*67.39	Dibujo para Ingenieros	6	67.07*/,
    ('65','30','3',6)/*65.30	Electrotecnia General D	6	62.03*/,
    ('66','04','3',8)/*66.04	Electrónica I	8	62.03*/,
    ('67','18','3',6)/*67.18	Mecánica de los Fluídos B	6	67.04*/,
    ('73','02','3',6)/*73.02	Construcción Naval I	6	73.01*/,
    ('66','05','3',6)/*66.05	Electrónica II	6	66.04*/,
    ('73','03','3',8)/*73.03	Arquitectrura Naval II	8	73.01*/,
    ('73','04','3',6)/*73.04	Estructura de Buques	6	64.13 - 73.02*/,
    ('73','05','3',6)/*73.05	Introducción a Máquinas Marinas	6	67.04*/,
    ('73','40','3',4)/*73.40	Prácticas de Astilleros I	4	73.01 - 73.02*/,
    ('61','16','3',8)/*61.16	Matemática para Ingenieros	8	61.03 - 61.08*/,
    ('64','13','3',6)/*64.13	Estabilidad III B	6	64.12*/,
    ('67','12','3',6)/*67.12	Mecanismos B	6	64.12*/,
    ('73','06','3',6)/*73.06	Vibraciones de Estructuras	6	64.13 - 73.07 - 73.12*/,
    ('73','07','3',6)/*73.07	Construcción Naval II	6	73.02*/,
    ('73','09','3',6)/*73.09	Proyecto de Buques I	6	73.03 - 73.05 - 73.07*/,
    ('73','10','3',6)/*73.10	Proyecto de Buques II	6	73.09*/,
    ('73','11','3',6)/*73.11	Máquinas Marinas I	6	67.04*/,
    ('73','12','3',6)/*73.12	Máquinas Marinas II	6	67.04*/,
    ('73','41','3',4)/*73.41	Prácticas en Astilleros II	4	73.40*/,
    ('73','00','3',18)/*73.00	Tésis de Ingeniería Naval	18	140 créditos*/,
    ('73','99','3',0)/*73.99	Trabajo Profesional de Ing. Naval y Mecánica	0	*/,
    ('64','14','3',4)/*64.14	Método de los Elementos Finitos	4	64.13*/,
    ('64','15','3',6)/*64.15	Estabilidad IV B	6	64.13*/,
    ('64','16','3',2)/*64.16	Análisis Experimental de Tensiones	2	64.13*/,
    ('67','23','3',2)/*67.23	Conversión de la Energía	2	120 créditos*/,
    ('67','38','3',4)/*67.38	Tecnología Mecánica B	4	67.02 - 67.13*/,
    ('67','61','3',4)/*67.61	Fundamentos Matemáticos de la Visión en Robótica	4	61.08 - 67.02*/,
    ('68','03','3',6)/*68.03	Puertos y Vías Navegables	6	Sin correlativas asignadas*/,
    ('68','08','3',6)/*68.08	Planeamiento del Transporte	6	Sin correlativas asignadas*/,
    ('71','07','3',8)/*71.07	Investigación Operativa	8	71.31*/,
    ('71','31','3',6)/*71.31	Organización de la Producción	6	73.02*/,
    ('71','34','3',4)/*71.34	Gestión Presupuestaria	4	71.50 - 71.51*/,
    ('71','36','3',4)/*71.36	Gestión de la Calidad	4	61.06 - 73.07*/,
    ('71','38','3',4)/*71.38	Legislación General	4	73.07*/,
    ('71','50','3',4)/*71.50	Ingeniería Económica I	4	71.31*/,
    ('71','51','3',4)/*71.51	Ingeniería Económica II	4	71.50*/,
    ('72','06','3',4)/*72.06	Automatización Industrial	4	Sin correlativas asignadas*/,
    ('73','14','3',4)/*73.14	Navegación	4	73.02*/,
    ('73','15','3',6)/*73.15	Máquinas Marinas III	6	73.05 - 73.11 - 73.12*/,
    ('73','16','3',6)/*73.16	Construcción Naval III	6	73.07*/,
    ('77','01','3',4)/*77.01	Higiene y Seguridad del Trabajo	4	73.02*/,
    ('77','02','3',4)/*77.02	Introducción a la Ing. Ambiental	4	73.09*/,
    ('78','01','3',4)/*78.01	Idioma Inglés	4	CBC*/,
    ('78','02','3',4)/*78.02	Idioma Alemán	4	CBC*/,
    ('78','03','3',4)/*78.03	Idioma Francés	4	CBC*/,
    ('78','04','3',4)/*78.04	Idioma Italiano	4	CBC*/,
    ('78','05','3',4)/*78.05	Idioma Portugués	4	CBC*/,
    ('63','07','11',6)/*63.07	Química Física II	6	63.06*/,
    ('76','03','11',10)/*76.03	Operaciones I	10	61.14 76.01*/,
    ('76','12','11',6)/*76.12	Microbiología Industrial	6	63.04*/,
    ('76','40','11',2)/*76.40	Introducción a la Bioquímica	2	63.04*/,
    ('76','04','11',8)/*76.04	Operaciones Unitarias II	8	76.03*/,
    ('76','05','11',8)/*76.05	Operaciones Unitarias III	8	63.06 - 76.03*/,
    ('CEX','1','11',6)/*CEX 1	Fundamentos de la Preservación de Alimentos I	6	76.03 - 76.12 - 76.40*/,
    ('63','05','11',8)/*63.05	Química Analítica	8	63.03*/,
    ('65','43','11',6)/*65.43	Ingeniería de las Instalaciones I	6	76.05*/,
    ('CEX','3','11',6)/*CEX 3	Fundamentos de la Preservación de Alimentos II	6	CEX 1*/,
    ('CEX','2','11',4)/*CEX 2	Toxicología de Alimentos	4	CEX 1 - 76.40*/,
    ('76','08','11',8)/*76.08	Ingeniería de las Reacciones Química	8	63.07 - 75.12 - 76.05*/,
    ('76','42','11',4)/*76.42	Ingeniería de las Instalaciones II B	4	76.05*/,
    ('77','41','11',4)/*77.41	Gestión Ambiental en la Industria Alimentaria	4	76.05*/,
    ('FYB','1','11',2)/*FYB 1	Legislación Alimentaria	2	CEX 1*/,
    ('CEX','4','11',6)/*CEX 4	Tecnología de alimentos I	6	CEX 1 - 63.05*/,
    ('71','55','11',6)/*71.55	Economía de la Empresa Alimentaria	6	CEX 3*/,
    ('76','41','11',4)/*76.41	Biotecnología	4	76.08 - 76.12*/,
    ('CEX','5','11',4)/*CEX 5	Tecnología de Alimentos II	4	CEX 1 - 63.05*/,
    ('76','43','11',6)/*76.43	Instrumentación y Control	6	76.04 - 76.05*/,
    ('76','90','11',12)/*76.90	Tesis de Grado de Ing. de Alimentos	12	*/,
    ('76','44','11',4)/*76.44	Práctica Profesional	4	*/,
    ('FYB','2','11',2)/*FYB 2	Nutrición Aplicada a Tecnología de Alimentos	2	76.40*/,
    ('71','56','11',2)/*71.56	Legislación y Ejercicio Profesional de la Ingeniería de Alimentos	2	FYB 1 - 71.55*/,
    ('CEX','6','11',6)/*CEX 6	Microbiología de Alimentos	6	76.12*/,
    ('CEX','7','11',4)/*CEX 7	Tecnología de Alimentos III	4	CEX 3*/,
    ('AG','1','11',4)/*AG 1	Sistemas de Producción Agropecuaria y Calidad de Alimentos	4	CEX 5*/,
    ('CEX','8','11',6)/*CEX 8	Análisis Avanzado de Alimentos	6	CEX 3*/,
    ('71','03','11',6)/*71.03	Estadística Técnica	6	61.06*/,
    ('71','31','11',6)/*71.31	Organización de la Producción	6	CEX 3 - 71.55*/,
    ('71','33','11',4)/*71.33	Comercialización	4	CEX 3 - 71.55*/,
    ('71','43','11',4)/*71.43	Logística Integral	4	CEX 3 - 71.55*/,
    ('72','14','11',4)/*72.14	Diseño de Producto	4	CEX 3 - 71.55*/,
    ('71','44','11',4)/*71.44	Recursos Humanos	4	FYB 1 - 71.55*/,
    ('76','19','11',4)/*76.19	Procesos Fermentativos	4	76.41*/,
    ('FYB','3','11',4)/*FYB 3	Gestión, Control y Garantía de la Calidad en la Industria Alimentaria	4	71.55*/,
    ('71','57','11',4)/*71.57	Métodos Cuantitativos Aplicados en Sistemas Agroalimentarios	4	61.14*/,
    ('78','01','11',4)/*78.01	Idioma Inglés	4	CBC*/,
    ('78','02','11',4)/*78.02	Idioma Alemán	4	CBC*/,
    ('78','03','11',4)/*78.03	Idioma Francés	4	CBC*/,
    ('78','04','11',4)/*78.04	Idioma Italiano	4	CBC*/,
    ('78','05','11',4)/*78.05	Idioma Portugués	4	CBC*/,
    ('61','03','7',8)/*61.03	Análisis Matemático II A	8	CBC*/,
    ('61','08','7',8)/*61.08	Álgebra II A	8	CBC*/,
    ('62','01','7',8)/*62.01	Física I A	8	CBC*/,
    ('61','10','7',6)/*61.10	Análisis Matemático III A	6	61.03 - 61.08*/,
    ('62','03','7',8)/*62.03	Física II A	8	61.03 - 62.01*/,
    ('63','01','7',6)/*63.01	Química	6	CBC*/,
    ('75','02','7',8)/*75.02	Algoritmos y Programación I	8	CBC*/,
    ('61','09','7',6)/*61.09	Probabilidad y Estadística B	6	61.03 - 61.08*/,
    ('62','05','7',10)/*62.05	Física III	10	61.08 - 62.03 - 63.01*/,
    ('66','01','7',6)/*66.01	Técnica Digital	6	61.08 - 75.02*/,
    ('66','02','7',6)/*66.02	Laborotorio	6	62.03*/,
    ('66','06','7',10)/*66.06	Análisis de Circuitos	10	61.10 - 62.03*/,
    ('66','74','7',6)/*66.74	Señales y Sistemas	6	61.09 - 66.06 ResCS4488/051)*/,
    ('66','08','7',8)/*66.08	Circuitos Electrónicos I	8	62.05 - 66.02 - 66.06*/,
    ('66','09','7',6)/*66.09	Laboratorio de Microcomputadoras	6	66.01 - 66.02*/,
    ('66','10','7',8)/*66.10	Circuitos Electrónicos II	8	66.74 - 66.08*/,
    ('66','44','7',6)/*66.44	Instrumentos Electrónicos	6	66.09 - 66.10*/,
    ('71','27','7',4)/*71.27	Leg. y Ejercicio Profesional de la Ing. Electrónica	4	120 créditos*/,
    ('66','12','7',4)/*66.12	Introducción a Proyectos	4	140 créditos*/,
    ('66','00','7',24)/*66.00	Tesis de Ingeniería Electrónica	24	140 créditos*/,
    ('66','99','7',12)/*66.99	Trabajo Profesional de Ing. Electrónica	12	140 créditos*/,
    ('61','07','7',6)/*61.07	Matemática Discreta	6	CBC*/,
    ('61','17','7',4)/*61.17	Teoría de Grafos (área Computadoras)	4	61.07*/,
    ('61','18','7',6)/*61.18	Ecuaciones Diferenciales Ordinarias	6	61.03 - 61.08*/,
    ('61','19','7',6)/*61.19	Análisis Funcional	6	61.10*/,
    ('61','21','7',6)/*61.21	Análisis Matricial y Métodos Numéricos	6	61.03 - 61.08*/,
    ('62','09','7',6)/*62.09	Electromagnetismo B	6	62.03 2) Res(CD)3935/01*/,
    ('62','10','7',4)/*62.10	Física del Estado Sólido	4	62.05*/,
    ('62','11','7',4)/*62.11	Mecánica Racional	4	61.10 - 62.01*/,
    ('65','06','7',6)/*65.06	Máquinas Eléctricas	6	66.06*/,
    ('66','75','7',6)/*66.75	Procesos Estocásticos	6	61.09 - 66.06 ResCS4488/053)*/,
    ('66','17','7',6)/*66.17	Sistemas Digitales (área Computadoras)	6	66.01*/,
    ('66','18','7',6)/*66.18	Teoría de Control (área Control)	6	66.74*/,
    ('66','19','7',6)/*66.19	Circuito de Pulsos (área Computadoras)	6	66.01 - 66.08*/,
    ('66','20','7',6)/*66.20	Organización de Computadoras (área Computadoras)	6	66.09*/,
    ('66','21','7',6)/*66.21	Comunicación de Datos (área Computadoras)	6	66.74*/,
    ('66','22','7',4)/*66.22	Laboratorio de Comunicaciones I (área Computadoras)	4	66.02 - 66.74 - 66.75*/,
    ('66','23','7',6)/*66.23	Teoría de las Telecomunicaciones (área Comunicaciones)	6	66.74 - 66.75*/,
    ('66','24','7',4)/*66.24	Teoría de la Información y Codificación (área Computadoras)	4	66.01 - 66.74 - 66.15*/,
    ('66','25','7',4)/*66.25	Dispositivos Semiconductores	4	62.05*/,
    ('66','26','7',6)/*66.26	Arquitecturas Paralelas (área Computadoras)	6	66.20*/,
    ('66','27','7',6)/*66.27	Electrónica de Potencia (área Control)	6	66.18 - 66.10 - 65.06*/,
    ('66','28','7',6)/*66.28	Teoría de Control II (área Control)	6	66.18*/,
    ('66','29','7',6)/*66.29	Control Industrial Distribuído (área Control)	6	66.18 4) Res(CD)3937/01*/,
    ('66','30','7',6)/*66.30	Control no Lineal (área Control)	6	66.18*/,
    ('66','31','7',6)/*66.31	Identif. y Control Adaptativo (área Control)	6	66.18*/,
    ('66','32','7',6)/*66.32	Robótica (área Control)	6	62.11 - 66.18*/,
    ('66','33','7',6)/*66.33	Laboratorio de Sistemas Digitales (área Computadoras)	6	66.09*/,
    ('66','78','7',6)/*66.78	Comunicaciones Digitales y Analogicas (área Comunicaciones)	6	66.74 - 66.75 ResCS4488/055)*/,
    ('66','35','7',6)/*66.35	Técnica Digital Avanzada (área Computadoras)	6	61.07 - 66.17*/,
    ('66','79','7',6)/*66.79	Laboratorio de Comunicaciones (área Comunicaciones)	6	66.21 - 66.78 ResCS4488/056)*/,
    ('66','38','7',6)/*66.38	Procesamiento de Señales I (área Comunicaciones)	6	66.74 - 66.75*/,
    ('66','39','7',6)/*66.39	Procesamiento de Señales II (área Comunicaciones)	6	66.38*/,
    ('66','80','7',6)/*66.80	Sistemas de Microondas (área Comunicaciones)	6	66.09 - 66.78 ResCS4488/057)*/,
    ('66','81','7',6)/*66.81	Video y Redes de Cable (área Comunicaciones)	6	66.10 - 66.78 ResCS4488/058)*/,
    ('66','42','7',6)/*66.42	Counicaciones Digitales II (área Comunicaciones)	6	66.21 - 66.78 9) Res(CD)1880/03*/,
    ('66','43','7',6)/*66.43	Ingeniería Biomédica (Materias Complementarias)	6	66.10*/,
    ('66','45','7',6)/*66.45	Laboratorio de Mediciones (Materias Complementarias)	6	66.10 - 66.02*/,
    ('66','46','7',6)/*66.46	Procesamiento del Habla	6	66.74*/,
    ('66','47','7',6)/*66.47	Procesamiento de Imágenes (Materias Complementarias)	6	66.38 - 66.51*/,
    ('66','48','7',6)/*66.48	Seminario de Electrónica (Materias Complementarias)	6	20 materias*/,
    ('66','49','7',6)/*66.49	Sistemas Biológicos (Materias Complementarias)	6	66.74 - 63.01*/,
    ('66','50','7',6)/*66.50	Tecnología de los Componentes (Materias Complementarias)	6	66.08*/,
    ('66','51','7',6)/*66.51	Teoría de Detección y Estimación (área Computadoras)	6	66.74 - 66.15*/,
    ('66','53','7',6)/*66.53	Instr. y Control de Procesos (área Control)	6	66.18 - 66.10*/,
    ('66','82','7',6)/*66.82	Propagación y Sistemas Irradiantes (área Comunicaciones)	6	62.09 ResCS4488/0510)*/,
    ('66','55','7',4)/*66.55	Simulación de Sistemas de Control (área Control)	4	66.18*/,
    ('66','56','7',6)/*66.56	Control Óptimo (área Control)	6	66.18*/,
    ('66','57','7',4)/*66.57	Optoelectrónica	4	62.09*/,
    ('66','76','7',6)/*66.76	Transmisión y Recepción de Comunicaciones (área Comunicaciones)	6	66.10 - 66.74 ResCS4488/0511)*/,
    ('66','77','7',6)/*66.77	Sistemas de Comunicaciones (área Comunicaciones)	6	66.74 - 66.75 ResCS4488/0512)*/,
    ('66','61','7',6)/*66.61	Tecnología de Circuitos Integrados	6	66.08*/,
    ('66','62','7',6)/*66.62	Redes de Computadoras	6	66.21 13)*/,
    ('66','63','7',6)/*66.63	Redes Neuronales	6	66.74 - 66.75*/,
    ('66','64','7',6)/*66.64	Control Robusto	6	66.28*/,
    ('66','65','7',6)/*66.65	Control Digital	6	66.28*/,
    ('66','66','7',6)/*66.66	Seminario de Electrónica II (Materias Complementarias)	6	20 materias*/,
    ('66','67','7',4)/*66.67	Acústica	4	66.10*/,
    ('66','68','7',4)/*66.68	Electroacústica	4	66.67*/,
    ('66','69','7',6)/*66.69	Criptografía y Seguridad Informática	6	66.74 - 66.09*/,
    ('66','71','7',6)/*66.71	Sistemas Gráficos	6	61.10 - 75.04 ResCS4488/0515)*/,
    ('66','72','7',6)/*66.72	Señales e Imágenes en Biomedicina	6	66.75 - 66.49 ResCS4488/0517)*/,
    ('66','73','7',6)/*66.73	Instalaciones e Instrumentación Biomédica	6	66.10 - 66.49 ResCS4488/0519)*/,
    ('71','01','7',4)/*71.01	Intr. Economía y Organización de la Empresa	4	61.03*/,
    ('71','04','7',4)/*71.04	Organización Industrial I	4	61.09*/,
    ('71','05','7',4)/*71.05	Organización Industrial II	4	71.04*/,
    ('71','07','7',4)/*71.07	Investigación Operativa	4	61.08*/,
    ('71','23','7',4)/*71.23	Economía	4	61.03*/,
    ('71','31','7',6)/*71.31	Organización de la Producción	6	20 materias*/,
    ('71','36','7',4)/*71.36	Gestión de la Calidad	4	61.09*/,
    ('75','04','7',8)/*75.04	Algoritmos y Programación II (área Computadoras)	8	75.02*/,
    ('75','08','7',6)/*75.08	Sistemas Operativos (área Computadoras)	6	66.20 - 75.04*/,
    ('75','12','7',6)/*75.12	Análisis Numérico I	6	61.03 - 61.08 - 75.02*/,
    ('75','22','7',8)/*75.22	Concurrencia (área Computadoras)	8	75.08*/,
    ('75','23','7',6)/*75.23	Inteligencia Artificial (área Computadoras)	6	75.04 - 61.07*/,
    ('75','28','7',6)/*75.28	Base de Datos B (área Computadoras)	6	75.04*/,
    ('75','29','7',6)/*75.29	Teoría de Algoritmos I (área Computadoras)	6	61.07 - 75.04*/,
    ('75','30','7',6)/*75.30	Teoría de Algoritmos II (área Computadoras)	6	75.29*/,
    ('75','31','7',4)/*75.31	Teoría de Lenguaje (área Computadoras)	4	75.04*/,
    ('75','34','7',6)/*75.34	Redes y Teleprocesamiento II	6	66.21 - 75.08 - 75.28 20)*/,
    ('75','38','7',6)/*75.38	Análisis Numérico II A	6	75.12*/,
    ('78','01','7',4)/*78.01	Idioma Inglés	4	CBC*/,
    ('78','02','7',4)/*78.02	Idioma Alemán	4	CBC*/,
    ('78','03','7',4)/*78.03	Idioma Francés	4	CBC*/,
    ('78','04','7',4)/*78.04	Idioma Italiano	4	CBC*/,
    ('78','05','7',4)/*78.05	Idioma Portugués	4	CBC*/,
    ('61','03','4',8)/*61.03	Análisis Matemático II A	8	CBC*/,
    ('62','01','4',8)/*62.01	Física I A	8	CBC*/,
    ('70','02','4',6)/*70.02	Geometría Descriptiva	6	CBC*/,
    ('75','01','4',4)/*75.01	Computación	4	CBC*/,
    ('61','15','4',8)/*61.15	Matemática Aplicada a la Agrimensura	8	CBC*/,
    ('62','03','4',8)/*62.03	Física II A	8	61.03 - 62.01*/,
    ('70','15','4',6)/*70.15	Cartografía	6	61.03*/,
    ('71','02','4',4)/*71.02	Agrimensura Legal I	4	CBC*/,
    ('61','06','4',4)/*61.06	Probabilidad y Estadística A	4	61.03*/,
    ('70','04','4',4)/*70.04	Dibujo Topográfico	4	CBC*/,
    ('70','08','4',6)/*70.08	Topografía I	6	CBC*/,
    ('70','31','4',6)/*70.31	Información Rural	6	CBC*/,
    ('71','24','4',4)/*71.24	Agrimensura Legal II	4	71.02*/,
    ('70','07','4',6)/*70.07	Cálculo de Compensación	6	61.03*/,
    ('70','09','4',6)/*70.09	Topografía II	6	70.08 - 70.02*/,
    ('70','12','4',6)/*70.12	Geodesia I	6	70.08*/,
    ('70','18','4',6)/*70.18	Catastro y Valuaciones	6	71.24 - 70.31*/,
    ('70','11','4',16)/*70.11	Topografía III (anual)	16	70.07 - 70.09*/,
    ('70','13','4',6)/*70.13	Geodesia II	6	70.12*/,
    ('70','14','4',8)/*70.14	Fotogrametría I	8	70.09*/,
    ('70','19','4',10)/*70.19	Levantamiento y Práctica Profesional (anual)	10	70.09 - 71.24*/,
    ('70','16','4',4)/*70.16	Fotogrametría II	4	70.14 - 70.07*/,
    ('70','30','4',6)/*70.30	Introducción a los Sistemas de Información Geográfica	6	70.15 - 75.01*/,
    ('68','06','4',8)/*68.06	Transporte A	8	70.09*/,
    ('68','11','4',4)/*68.11	Ordenamiento Rural y Urbano	4	68.06 - 70.18*/,
    ('70','06','4',4)/*70.06	Geografía Física y Geología	4	62.01*/,
    ('70','17','4',6)/*70.17	Geodesia III	6	70.13*/,
    ('70','20','4',4)/*70.20	Fotointerpretación	4	70.14*/,
    ('70','24','4',4)/*70.24	Levantamientos Hidrográficos	4	70.09*/,
    ('70','26','4',4)/*70.26	Hidráulica Agrícola y Saneamiento	4	70.09*/,
    ('70','27','4',4)/*70.27	Catastro	4	70.18*/,
    ('70','32','4',4)/*70.32	Sistemas de Información Geográfica	4	70.09 70.15 70.301)*/,
    ('71','23','4',4)/*71.23	Economía	4	61.03*/,
    ('71','30','4',6)/*71.30	Agrimensura Legal III	6	71.24*/,
    ('75','12','4',6)/*75.12	Análisis Numérico I	6	61.03 - 75.01*/,
    ('77','02','4',4)/*77.02	Introducción a la Ingeniería Ambiental	4	70.15*/,
    ('78','01','4',4)/*78.01	Idioma Inglés	4	CBC*/,
    ('78','02','4',4)/*78.02	Idioma Alemán	4	CBC*/,
    ('78','03','4',4)/*78.03	Idioma Francés	4	CBC*/,
    ('78','04','4',4)/*78.04	Idioma Italiano	4	CBC*/,
    ('78','05','4',4)/*78.05	Idioma Portugués	4	CBC*/,
    ('61','03','1',8)/*61.03	Análisis Matemático II A	8	CBC*/,
    ('62','01','1',8)/*62.01	Física I A	8	CBC*/,
    ('70','03','1',6)/*70.03	Medios de Representación A	6	CBC*/,
    ('61','08','1',8)/*61.08	Álgebra II A	8	CBC*/,
    ('64','01','1',8)/*64.01	Estabilidad I A	8	61.03 - 62.01*/,
    ('71','23','1',4)/*71.23	Economía	4	61.03*/,
    ('62','03','1',8)/*62.03	Física II A	8	61.03 - 62.01*/,
    ('64','02','1',8)/*64.02	Estabilidad II A	8	61.08 - 64.01*/,
    ('63','01','1',6)/*63.01	Química	6	CBC*/,
    ('64','07','1',8)/*64.07	Estabilidad III A	8	64.02*/,
    ('69','01','1',8)/*69.01	Hidráulica General	8	61.03 - 62.01*/,
    ('70','29','1',6)/*70.29	Topografía y Geodesia	6	62.01 - 70.03*/,
    ('64','03','1',8)/*64.03	Comport. de Materiales1)	8	63.01 - 64.02*/,
    ('64','08','1',6)/*64.08	Mecánica de Suelos	6	64.02*/,
    ('75','01','1',4)/*75.01	Computación	4	CBC*/,
    ('68','07','1',6)/*68.07	Ingeniería del Transporte2)	6	70 créditos*/,
    ('75','12','1',6)/*75.12	Análisis Numérico I	6	61.03 - 61.08 - 75.01*/,
    ('65','05','1',4)/*65.05	Electrotecnia General C	4	61.08 - 62.03*/,
    ('74','01','1',8)/*74.01	Hormigón I	8	64.03 - 64.07*/,
    ('74','04','1',6)/*74.04	Construcciones	6	62.03 - 64.03 - 64.02 - 65.05*/,
    ('61','06','1',4)/*61.06	Probabilidad y Estadística A	4	61.03*/,
    ('74','05','1',6)/*74.05	Hormigón II	6	74.01 - 64.08*/,
    ('74','11','1',4)/*74.11	Cimentaciones	4	64.08 - 74.01*/,
    ('71','11','1',6)/*71.11	Organización de Obras	6	71.23 - 74.01 - 74.04*/,
    ('71','21','1',6)/*71.21	Legislación y Ejercicio Profesional de la Ing. Civil	6	120 créditos*/,
    ('77','09','1',4)/*77.09	Seguridad Ambiental y del Trabajo A	4	71.11*/,
    ('64','00','1',24)/*64.00	Tesis de Ingeniería Civil	24	140 créditos*/,
    ('74','99','1',16)/*74.99	Trabajo Profesional de Ing. Civil (Constr.)	16	*/,
    ('68','99','1',12)/*68.99	Trabajo Profesional de Ing. Civil (Transp.)	12	*/,
    ('69','99','1',12)/*69.99	Trabajo Profesional de Ing. Civil (Hidrául.)	12	*/,
    ('64','10','1',8)/*64.10	Estabilidad IV	8	64.07*/,
    ('64','14','1',4)/*64.14	Método de los Elementos Finitos	4	64.07*/,
    ('64','16','1',2)/*64.16	Análisis Experimental de Tensiones	2	64.07*/,
    ('64','17','1',2)/*64.17	Seguridad Estructural	2	61.06 - 64.07 - 64.03 - 75.12*/,
    ('64','18','1',4)/*64.18	Dinámica de las Estructuras	4	61.06 - 64.10 - 75.12*/,
    ('64','19','1',3)/*64.19	Dinámica de las Estructuras II	3	61.12 - 64.18*/,
    ('61','12','1',6)/*61.12	Análisis Matemático III B	6	61.03 - 61.08*/,
    ('67','04','1',8)/*67.04	Termodinámica I A	8	62.03 - 61.08*/,
    ('78','01','1',4)/*78.01	Idioma Inglés	4	CBC*/,
    ('78','02','1',4)/*78.02	Idioma Alemán	4	CBC*/,
    ('78','03','1',4)/*78.03	Idioma Francés	4	CBC*/,
    ('78','04','1',4)/*78.04	Idioma Italiano	4	CBC*/,
    ('78','05','1',4)/*78.05	Idioma Portugués	4	CBC*/,
    ('68','01','1',6)/*68.01	Construcción de Carreteras	6	64.03 - 64.08 - 68.07*/,
    ('68','02','1',6)/*68.02	Diseño y Oper. de Caminos	6	68.07*/,
    ('68','03','1',6)/*68.03	Puertos y Vías Navegables	6	64.08 - 68.07*/,
    ('68','04','1',6)/*68.04	Ferrocarriles	6	68.07*/,
    ('68','05','1',6)/*68.05	Aeropuertos	6	68.07*/,
    ('68','08','1',6)/*68.08	Planeamiento del Transporte	6	68.07*/,
    ('68','09','1',4)/*68.09	Tránsito	4	68.07*/,
    ('68','10','1',4)/*68.10	Ingeniería Territorial	4	140 créditos*/,
    ('69','02','1',6)/*69.02	Ingeniería Sanitaria	6	69.01*/,
    ('69','04','1',6)/*69.04	Hidráulica Aplicada	6	69.01*/,
    ('69','05','1',6)/*69.05	Centrales Hidráulicas	6	69.01*/,
    ('69','06','1',4)/*69.06	Modelos Hidráulicos	4	69.01*/,
    ('69','07','1',6)/*69.07	Hidrología	6	69.01*/,
    ('69','08','1',4)/*69.08	Planific. de Recursos Hidráulicos	4	69.01*/,
    ('69','09','1',6)/*69.09	Hidráulica Fluvial y Marítima	6	69.01*/,
    ('69','10','1',4)/*69.10	Construcciones Hidráulicas	4	69.01*/,
    ('69','11','1',4)/*69.11	Gestión Ambiental de los Recursos Hídricos	4	69.01*/,
    ('74','03','1',8)/*74.03	Arquitectura y Planificación	8	100 créditos*/,
    ('74','07','1',6)/*74.07	Instalaciones de Edificios	6	62.03 - 65.05 - 74.04*/,
    ('74','08','1',6)/*74.08	Presas	6	69.04 - 74.01 - 74.11*/,
    ('74','09','1',4)/*74.09	Maquinarias de la Construcción	4	74.04*/,
    ('74','10','1',6)/*74.10	Urbanismo	6	74.03*/,
    ('74','12','1',6)/*74.12	Estructuras Metálicas I	6	64.03 - 64.07*/,
    ('74','13','1',6)/*74.13	Estructuras Metálicas II	6	74.12*/,
    ('74','14','1',4)/*74.14	Tecnología del Hormigón	4	64.02 - 64.03*/,
    ('74','15','1',4)/*74.15	Patología de la Construcción	4	74.013) - 74.04*/,
    ('74','16','1',4)/*74.16	Estructuras de Madera	4	64.03 - 64.07 - 74.12*/,
    ('74','17','1',4)/*74.17	Sistemas Constructivos	4	74.04 - 74.05 - (CD 1090/03)4)*/,
    ('74','18','1',6)/*74.18	Sistemas Estructurales	6	64.08 - 74.01*/,
    ('74','19','1',6)/*74.19	Diseño Estructural	6	74.12 74.18*/,
    ('74','21','1',6)/*74.21	Inspección y Ejecución de Estructuras de Hormigón	6	64.03 - 74.01*/,
    ('61','03','1',8)/*61.03	Análisis Matemático II A	8	CBC*/,
    ('61','08','1',8)/*61.08	Álgebra II A	8	CBC*/,
    ('70','03','1',6)/*70.03	Medios de Representación A	6	CBC*/,
    ('61','06','1',4)/*61.06	Probabilidad y Estadística A	4	61.03*/,
    ('62','01','1',8)/*62.01	Física I A	8	CBC*/,
    ('63','01','1',6)/*63.01	Química	6	CBC*/,
    ('75','01','1',4)/*75.01	Computación	4	CBC*/,
    ('62','03','1',8)/*62.03	Física II A	8	61.03 - 62.01*/,
    ('64','01','1',8)/*64.01	Estabilidad I A	8	61.03 - 62.01*/,
    ('70','29','1',6)/*70.29	Topografía y Geodesia	6	62.01 - 70.03*/,
    ('75','12','1',6)/*75.12	Análisis Numérico I	6	61.03 - 61.08 - 75.01*/,
    ('64','02','1',8)/*64.02	Estabilidad II A	8	61.08 - 64.01*/,
    ('69','01','1',8)/*69.01	Hidráulica General	8	61.03 - 62.01*/,
    ('64','03','1',8)/*64.03	Comport. de Materiales	8	63.01 - 64.02*/,
    ('64','07','1',8)/*64.07	Estabilidad III A	8	64.02*/,
    ('65','05','1',4)/*65.05	Electrotecnia General C	4	61.08 - 62.03*/,
    ('71','23','1',4)/*71.23	Economía	4	61.03*/,
    ('64','08','1',6)/*64.08	Mecánica de Suelos	6	64.02*/,
    ('74','01','1',8)/*74.01	Hormigón I	8	64.03 - 64.07*/,
    ('68','07','1',6)/*68.07	Ingeniería del Transporte	6	70 créditos*/,
    ('71','11','1',6)/*71.11	Organización de Obras	6	71.23 - 74.01 - 74.04*/,
    ('71','21','1',6)/*71.21	Leg. y Ejer. Prof. de la Ing. Civil	6	120 créditos*/,
    ('74','04','1',6)/*74.04	Construcciones	6	62.03 - 64.03 - 64.02 - 65.05*/,
    ('74','05','1',6)/*74.05	Hormigón II	6	74.01 - 64.08*/,
    ('74','11','1',4)/*74.11	Cimentaciones	4	64.08 - 74.01*/,
    ('77','09','1',4)/*77.09	Seguridad Amb. y del Trabajo A	4	71.11*/,
    ('64','00','1',24)/*64.00	Tesis de Ingeniería Civil	24	140 créditos*/,
    ('74','99','1',16)/*74.99	Trabajo Prof.de Ing. Civil (Constr.)	16	*/,
    ('68','99','1',12)/*68.99	Trabajo Prof. de Ing. Civil (Transp.)	12	*/,
    ('69','99','1',12)/*69.99	Trabajo Prof. de Ing. Civil (Hidrául.)	12	*/,
    ('61','12','1',6)/*61.12	Análisis Matemático III B	6	61.03 - 61.08*/,
    ('64','10','1',8)/*64.10	Estabilidad IV	8	64.07*/,
    ('64','14','1',4)/*64.14	Método de los Elementos Finitos	4	64.07*/,
    ('64','16','1',2)/*64.16	Análisis Experimental de Tensiones	2	64.07*/,
    ('64','17','1',2)/*64.17	Seguridad Estructural	2	61.06 - 64.07 - 64.03 - 75.12*/,
    ('64','18','1',4)/*64.18	Dinámica de las Estructuras	4	61.06 - 64.10 - 75.12*/,
    ('64','19','1',3)/*64.19	Dinámica de las Estructuras II	3	61.12 - 64.18*/,
    ('67','04','1',8)/*67.04	Termodinámica I A	8	62.03 - 61.08*/,
    ('69','02','1',6)/*69.02	Ingeniería Sanitaria	6	69.01*/,
    ('69','04','1',6)/*69.04	Hidráulica Aplicada	6	69.01*/,
    ('69','11','1',4)/*69.11	Gestión Ambiental de los Recursos Hídricos	4	69.01*/,
    ('74','03','1',8)/*74.03	Arquitectura y Planificación	8	100 créditos*/,
    ('74','07','1',6)/*74.07	Instalaciones de Edificios	6	62.03 - 65.05 - 74.04*/,
    ('74','08','1',6)/*74.08	Presas	6	69.04 - 74.01 - 74.11*/,
    ('74','09','1',4)/*74.09	Maquinarias de la Construcción	4	74.04*/,
    ('74','10','1',6)/*74.10	Urbanismo	6	74.03*/,
    ('74','21','1',6)/*74.21	Inspección y Ejecución de Estructuras de Hormigón	6	64.03 - 74.01*/,
    ('78','01','1',4)/*78.01	Idioma Inglés	4	CBC*/,
    ('78','02','1',4)/*78.02	Idioma Alemán	4	CBC*/,
    ('78','03','1',4)/*78.03	Idioma Francés	4	CBC*/,
    ('78','04','1',4)/*78.04	Idioma Italiano	4	CBC*/,
    ('78','05','1',4)/*78.05	Idioma Portugués	4	CBC*/,
    ('68','01','1',6)/*68.01	Construcción de Carreteras	6	64.03 - 64.08 - 68.07*/,
    ('68','02','1',6)/*68.02	Diseño y Oper. de Caminos	6	68.07*/,
    ('68','03','1',6)/*68.03	Puertos y Vías Navegables	6	64.08 - 68.07*/,
    ('68','04','1',6)/*68.04	Ferrocarriles	6	68.07*/,
    ('68','05','1',6)/*68.05	Aeropuertos	6	68.07*/,
    ('68','08','1',6)/*68.08	Planeamiento del Transporte	6	68.07*/,
    ('68','09','1',4)/*68.09	Tránsito	4	68.07*/,
    ('68','10','1',4)/*68.10	Ingeniería Territorial	4	140 créditos*/,
    ('69','05','1',6)/*69.05	Centrales Hidráulicas	6	69.01*/,
    ('69','06','1',4)/*69.06	Modelos Hidráulicos	4	69.01*/,
    ('69','07','1',6)/*69.07	Hidrología	6	69.01*/,
    ('69','08','1',4)/*69.08	Planific. de Recursos Hidráulicos	4	69.01*/,
    ('69','09','1',6)/*69.09	Hidráulica Fluvial y Marítima	6	69.01*/,
    ('69','10','1',4)/*69.10	Construcciones Hidráulicas	4	69.01*/,
    ('74','12','1',6)/*74.12	Estructuras Metálicas I	6	64.03 - 64.07*/,
    ('74','13','1',6)/*74.13	Estructuras Metálicas II	6	74.12*/,
    ('74','14','1',4)/*74.14	Tecnología del Hormigón	4	64.02 - 64.03*/,
    ('74','15','1',4)/*74.15	Patología de la Construcción	4	74.015) - 74.04*/,
    ('74','16','1',4)/*74.16	Estructuras de Madera	4	64.03 - 64.07 - 74.12*/,
    ('74','17','1',4)/*74.17	Sistemas Constructivos	4	74.04 - 74.05 - (CD 1090/03)6)*/,
    ('74','18','1',6)/*74.18	Sistemas Estructurales	6	64.08 - 74.01*/,
    ('74','19','1',6)/*74.19	Diseño Estructural	6	74.12 74.18*/,
    ('61','03','8',8)/*61.03	Análisis Matemático II A	8	CBC*/,
    ('62','01','8',8)/*62.01	Física I A	8	CBC*/,
    ('63','02','8',8)/*63.02	Química I	8	CBC*/,
    ('61','08','8',8)/*61.08	Álgebra II A	8	CBC*/,
    ('62','04','8',6)/*62.04	Física II B	6	61.03 - 62.01*/,
    ('63','03','8',8)/*63.03	Química II	8	63.02*/,
    ('75','01','8',4)/*75.01	Computación	4	CBC*/,
    ('63','04','8',10)/*63.04	Química III	10	63.02*/,
    ('75','12','8',6)/*75.12	Análisis Numérico I	6	61.03 - 61.08 - 75.01*/,
    ('76','01','8',8)/*76.01	Introduc. a la Ingeniería Química I	8	61.03 - 61.08 - 63.02 - 63.03 - 75.01*/,
    ('61','14','8',8)/*61.14	Matemática Especial para Ing. Química	8	61.03 - 61.08*/,
    ('63','06','8',I)/*63.06	Química Física	I	8	62.04 - 63.02*/,
    ('76','02','8',8)/*76.02	Introduc. a la Ingenieria Química II	8	76.01*/,
    ('63','05','8',8)/*63.05	Química Analítica	8	63.03*/,
    ('63','07','8',6)/*63.07	Química Física II	6	63.06*/,
    ('76','03','8',10)/*76.03	Operaciones I	10	61.14 - 76.02*/,
    ('76','04','8',8)/*76.04	Operaciones Unitarias II	8	76.03*/,
    ('76','05','8',8)/*76.05	Operaciones Unitarias III	8	63.06 - 76.03*/,
    ('65','43','8',6)/*65.43	Ingeniería de las Instalaciones I	6	62.04 - 76.02*/,
    ('76','08','8',8)/*76.08	Ingeniería de las Reacciones Químicas	8	63.07 - 76.05 - 75.12*/,
    ('77','07','8',10)/*77.07	Ingeniería de las Instalaciones II	10	62.04 - 76.02*/,
    ('76','09','8',8)/*76.09	Instrum. y Control de Plantas Químicas	8	76.04 - 76.05*/,
    ('71','28','8',4)/*71.28	Leg. y Ejer. Profesional de la Ing. Química	4	140 créditos*/,
    ('77','08','8',4)/*77.08	Seguridad Ambiental y del Trabajo B	4	76.05*/,
    ('76','00','8',24)/*76.00	Tesis de Ingeniería Química	24	140 créditos*/,
    ('76','99','8',12)/*76.99	Trabajo Prof. de Ing. Química	12	76.04 - 76.05*/,
    ('61','06','8',4)/*61.06	Probabilidad y Estadística A	4	61.03*/,
    ('62','13','8',6)/*62.13	Física III C	6	62.04*/,
    ('62','18','8',4)/*62.18	Física de Fluidos	4	76.03*/,
    ('63','08','8',8)/*63.08	Análisis Instrumental	8	62.04 - 63.05*/,
    ('63','09','8',8)/*63.09	Química Orgánica Especial	8	63.04*/,
    ('63','10','8',6)/*63.10	Termodinámica Estadística	6	63.07*/,
    ('64','04','8',8)/*64.04	Estática y Resistencia de Materiales A	8	61.03 - 61.08 - 62.01*/,
    ('67','03','8',4)/*67.03	Medios de Representación C	4	CBC*/,
    ('67','13','8',6)/*67.13	Conocimiento de Materiales I	6	63.04*/,
    ('67','57','8',6)/*67.57	Elementos Finitos Avanzados en la Mecánica de Fluidos	6	67.58*/,
    ('67','58','8',6)/*67.58	Introducción al Método de los Elementos Finitos	6	76.03 - 75.12*/,
    ('67','59','8',6)/*67.59	Mecánica del Continuo	6	67.60 - 76.03*/,
    ('67','60','8',4)/*67.60	Introducción al Análisis Tensorial	4	61.03 - 61.08*/,
    ('71','31','8',6)/*71.31	Organización de la Producción	6	100 créditos*/,
    ('75','38','8',6)/*75.38	Análisis Numérico II A	6	75.12*/,
    ('76','11','8',4)/*76.11	Análisis de Sistemas y Optimización	4	76.05 - 75.12*/,
    ('76','12','8',6)/*76.12	Microbiología Industrial	6	63.04 - 76.02*/,
    ('76','13','8',6)/*76.13	Bioingeniería Industrial	6	76.12*/,
    ('76','16','8',4)/*76.16	Electroquímica	4	63.07 - 76.03*/,
    ('76','17','8',4)/*76.17	Procesos Electroquímicos	4	76.16*/,
    ('76','18','8',6)/*76.18	Físicoquímica Especial	6	63.07*/,
    ('76','19','8',4)/*76.19	Procesos Fermentativos	4	76.13*/,
    ('76','20','8',6)/*76.20	Ing. de las Reacciones Químicas II	6	76.08*/,
    ('76','22','8',8)/*76.22	Fundamentos de la Ing. de Reservorios	8	76.03*/,
    ('76','23','8',4)/*76.23	Recuperación Asistida de Petróleo	4	76.22*/,
    ('76','24','8',6)/*76.24	Fund. de la Sim. Numérica de Reservorio	6	76.22*/,
    ('76','26','8',6)/*76.26	Evaluación de Proyectos	6	76.02 - 76.03*/,
    ('76','27','8',6)/*76.27	Control Estadístico de Procesos	6	61.06*/,
    ('76','28','8',4)/*76.28	Gestión de Recursos en la Ind. de Procesos	4	76.03*/,
    ('76','29','8',4)/*76.29	Industria de Procesos	4	76.05*/,
    ('76','30','8',4)/*76.30	Industrias Alimenticias	4	76.04*/,
    ('76','31','8',6)/*76.31	Simulación de Plantas Químicas B	6	76.05*/,
    ('76','50','8',6)/*76.50	Diseño de Procesos	6	76.05*/,
    ('76','51','8',4)/*76.51	Introducción a la Planificación Interactiva	4	190 créditos aprobados*/,
    ('78','01','8',4)/*78.01	Idioma Inglés	4	CBC*/,
    ('78','02','8',4)/*78.02	Idioma Alemán	4	CBC*/,
    ('78','03','8',4)/*78.03	Idioma Francés	4	CBC*/,
    ('78','04','8',4)/*78.04	Idioma Italiano	4	CBC*/,
    ('78','05','8',4)/*78.05	Idioma Portugués	4	CBC*/,
    ('76','32','8',6)/*76.32	Preservación de Alimentos	6	76.04 - 76.05 - 76.12*/,
    ('76','33','8',6)/*76.33	Procesamiento Industrial de Alimentos	6	76.32*/,
    ('61','03','10',8)/*61.03	Análisis Matemático II A	8	CBC*/,
    ('62','01','10',8)/*62.01	Física I A	8	CBC*/,
    ('75','40','10',6)/*75.40	Algoritmos y Programación I	6	CBC*/,
    ('61','08','10',8)/*61.08	Álgebra II A	8	CBC*/,
    ('62','03','10',8)/*62.03	Física II A	8	61.03 - 62.01*/,
    ('63','01','10',6)/*63.01	Química	6	CBC*/,
    ('75','41','10',6)/*75.41	Algoritmos y Programación II	6	75.40*/,
    ('62','15','10',4)/*62.15	Física III D	4	61.08 - 62.03 - 63.01*/,
    ('66','02','10',6)/*66.02	Laboratorio	6	62.03*/,
    ('66','70','10',6)/*66.70	Estructrura del Computador	6	61.08 - 62.03 - 75.41*/,
    ('75','07','10',6)/*75.07	Algoritmos y Programación III	6	75.41*/,
    ('75','12','10',6)/*75.12	Análisis Numérico I	6	61.08 - 61.03 - 75.41*/,
    ('61','09','10',6)/*61.09	Probabilidad y Estadística B	6	61.03 - 61.08*/,
    ('61','10','10',6)/*61.10	Análisis Matemático III A	6	61.03 - 61.08*/,
    ('66','20','10',6)/*66.20	Organización de Computadoras	6	66.02 - 66.70*/,
    ('75','06','10',6)/*75.06	Organización de Datos	6	66.70 - 75.41*/,
    ('75','42','10',4)/*75.42	Taller de Programación I	4	66.70 - 75.12 - 75.41*/,
    ('71','12','10',6)/*71.12	Estructura de las Organizaciones	6	75.06*/,
    ('71','14','10',6)/*71.14	Modelos y Optimización I	6	61.10 - 62.03 - 63.01 - 75.42*/,
    ('75','08','10',6)/*75.08	Sistemas Operativos	6	75.06*/,
    ('75','09','10',6)/*75.09	Análisis de la Información	6	75.07 - 75.42*/,
    ('75','10','10',6)/*75.10	Técnicas de Diseño	6	75.08 - 75.09*/,
    ('75','15','10',6)/*75.15	Base de Datos	6	75.06 - 75.09*/,
    ('75','43','10',6)/*75.43	Introducción a los Sistemas Distribuídos	6	66.20 - 62.15 - 75.08*/,
    ('75','52','10',4)/*75.52	Taller de Programación II	4	71.14 - 75.07 - 75.42*/,
    ('71','40','10',4)/*71.40	Legislación y Ejercicio Profesional de la Ing. en Informática	4	140 créditos*/,
    ('75','00','10',24)/*75.00	Tesis de Ingeniería Informática	24	140 créditos*/,
    ('75','99','10',12)/*75.99	Trabajo Profesional de Ing. Informática	12	140 créditos*/,
    ('71','13','10',6)/*71.13	Información en las Organizaciones	6	71.12*/,
    ('75','44','10',6)/*75.44	Administración y Control de Proyectos Informáticos I	6	71.12 - 75.10*/,
    ('75','45','10',6)/*75.45	Taller de Desarrollo de Proyectos I	6	75.10*/,
    ('75','46','10',6)/*75.46	Administración y Control de Proyectos Informáticos II	6	75.44*/,
    ('75','47','10',6)/*75.47	Taller de Desarrollo de Proyectos II	6	75.44 - 75.45*/,
    ('75','48','10',4)/*75.48	Calidad en Desarrollo de Sistemas	4	75.45*/,
    ('66','06','10',10)/*66.06	Análisis de Circuitos	10	61.10 - 62.03*/,
    ('66','74','10',6)/*66.74	Señales y Sistemas	6	61.09 - 66.06*/,
    ('75','59','10',6)/*75.59	Técnicas de Programación Concurrente I	6	75.08*/,
    ('75','74','10',4)/*75.74	Sistemas Distribuídos I	4	61.10 - 75.43 - 75.59*/,
    ('75','61','10',6)/*75.61	Taller de Programación III	6	66.74 - 75.74*/,
    ('64','05','10',6)/*64.05	Estática y Resistencia de Materiales B	6	61.03 - 61.08*/,
    ('72','01','10',6)/*72.01	Materiales Industriales I	6	63.01 - 64.05*/,
    ('75','65','10',6)/*75.65	Manufactura Integrada Por Computadora (CIM)I	6	75.15 - 75.52*/,
    ('75','66','10',6)/*75.66	Manufactura Integrada por Computadora (CIM)II	6	75.65*/,
    ('75','67','10',6)/*75.67	Sistemas Automáticos de Diagnóstico y Detección de Fallas I	6	61.08*/,
    ('75','68','10',4)/*75.68	Sistemas de Soporte para Celdas de Producción Flexible	4	75.65 - 75.67*/,
    ('61','07','10',6)/*61.07	Matemática Discreta	6	CBC*/,
    ('61','18','10',6)/*61.18	Ecuaciones Diferenciales Ordinarias	6	61.03 - 61.08*/,
    ('61','19','10',6)/*61.19	Análisis Funcional	6	61.10*/,
    ('62','11','10',4)/*62.11	Mecánica Racional	4	61.10 - 62.01*/,
    ('66','08','10',8)/*66.08	Circuitos Electrónicos I	8	62.15 - 66.02 - 66.06*/,
    ('66','09','10',6)/*66.09	Laboratorio de Microcomputadoras	6	66.02 - 66.70*/,
    ('66','17','10',6)/*66.17	Sistemas Digitales	6	66.70*/,
    ('66','18','10',6)/*66.18	Teoría de Control I	6	66.74*/,
    ('66','19','10',6)/*66.19	Circuitos de Pulsos	6	66.08 - 66.70*/,
    ('66','24','10',4)/*66.24	Teoría de la Información y Codificación	4	66.74 - 66.75 - 66.70*/,
    ('66','26','10',6)/*66.26	Arquitecturas Paralelas	6	66.20*/,
    ('66','32','10',6)/*66.32	Robótica	6	62.11 - 66.18*/,
    ('66','35','10',6)/*66.35	Técnica Digital Avanzada	6	61.07 - 66.17*/,
    ('66','46','10',6)/*66.46	Procesamiento del Habla	6	66.74*/,
    ('66','47','10',6)/*66.47	Procesamiento de Imágenes	6	61.09 - 66.74*/,
    ('66','49','10',6)/*66.49	Sistemas Biológicos	6	66.74 - 63.01*/,
    ('66','55','10',6)/*66.55	Simulación de Sistemas de Control	6	66.18*/,
    ('66','63','10',6)/*66.63	Redes Neuronales	6	66.75 - 66.75*/,
    ('66','69','10',6)/*66.69	Criptografía y Seguridad Informática	6	75.43*/,
    ('66','71','10',6)/*66.71	Sistemas Gráficos	6	61.10 - 75.41*/,
    ('66','75','10',6)/*66.75	Procesos Estocásticos	6	61.09 - 61.09*/,
    ('67','61','10',4)/*67.61	Fundamentos Matemáticos de la Visión en Robótica	4	61.08 - 75.07*/,
    ('71','15','10',6)/*71.15	Modelos y Optimización II	6	61.09 - 71.14*/,
    ('71','18','10',4)/*71.18	Estructura Económica Argentina	4	CBC*/,
    ('71','20','10',6)/*71.20	Modelos y Optimización III	6	71.15*/,
    ('71','41','10',6)/*71.41	Análisis y Resolución de Problemas	6	71.15*/,
    ('71','42','10',4)/*71.42	Circuitos de Información en la Empresa	4	71.46*/,
    ('71','44','10',4)/*71.44	Recursos Humanos	4	140 créditos*/,
    ('71','46','10',6)/*71.46	Ingeniería Económica	6	71.13*/,
    ('75','14','10',6)/*75.14	Lenguajes Formales	6	61.09*/,
    ('75','16','10',6)/*75.16	Lenguajes de Programación	6	75.14*/,
    ('75','26','10',6)/*75.26	Simulación	6	61.09*/,
    ('75','29','10',6)/*75.29	Teoría de Algoritmos I	6	61.07 - 75.41*/,
    ('75','30','10',6)/*75.30	Teoría de Algoritmos II	6	75.29*/,
    ('75','31','10',4)/*75.31	Teoría de Lenguaje	4	75.41*/,
    ('75','38','10',6)/*75.38	Análisis Numérico II A	6	75.52*/,
    ('75','50','10',6)/*75.50	Introducción a los Sistemas Inteligentes	6	61.09 - 71.14*/,
    ('75','51','10',4)/*75.51	Técnicas de Producción de Software I	4	75.52 - 75.15*/,
    ('75','53','10',4)/*75.53	Técnicas de Producción de Software II	4	75.51*/,
    ('75','54','10',4)/*75.54	Técnicas de Producción de Software III	4	75.48 - 75.53*/,
    ('75','55','10',4)/*75.55	Taller de Desarrollo de Proyectos III	4	75.46 - 75.47 - 75.48*/,
    ('75','56','10',6)/*75.56	Organización de la Implantación y el Mantenimiento	6	75.46 - 75.48*/,
    ('75','57','10',4)/*75.57	Modelos de Proceso de Desarrollo	4	75.46 - 75.48*/,
    ('75','58','10',4)/*75.58	Evaluación de Proy. y Manejo de Riesgos	4	75.46 - 75.48*/,
    ('75','62','10',4)/*75.62	Técnicas de Programación Concurrente II	4	75:59*/,
    ('75','63','10',4)/*75.63	Sistemas Distribuidos II	4	75.741*/,
    ('75','64','10',4)/*75.64	Sistemas Multimediales	4	66.74 - 75.741*/,
    ('75','69','10',6)/*75.69	Sistemas Automáticos de Diagnóstico y Detección de Fallas II	6	75.67*/,
    ('75','70','10',6)/*75.70	Sistemas de Programación No Convencional de Robots	6	61.03 - 61.08*/,
    ('75','71','10',3)/*75.71	Seminario de Ing. en Informática I	3	75.07*/,
    ('75','72','10',3)/*75.72	Seminario de Ing. en Informática II	3	75.06 - 75.44*/,
    ('75','73','10',4)/*75.73	Arquitectura de Software	4	75.07 - 75.09*/,
    ('78','01','10',4)/*78.01	Idioma Inglés	4	CBC*/,
    ('78','02','10',4)/*78.02	Idioma Alemán	4	CBC*/,
    ('78','03','10',4)/*78.03	Idioma Francés	4	CBC*/,
    ('78','04','10',4)/*78.04	Idioma Italiano	4	CBC*/,
    ('78','05','10',4)/*78.05	Idioma Portugués	4	CBC*/;
insert into requires(dept,code,dept_required,code_required) values ('75','03','75','40'),
    ('75','41','75','40'),
    ('61','09','61','03'),
    ('61','09','61','08'),
    ('75','06','75','03'),
    ('75','06','75','41'),
    ('75','07','75','03'),
    ('75','07','75','41'),
    ('71','13','71','12'),
    ('75','08','75','06'),
    ('75','09','75','06'),
    ('75','09','75','07'),
    ('75','42','75','03'),
    ('75','42','75','41'),
    ('71','14','61','07'),
    ('71','14','61','03'),
    ('71','14','61','08'),
    ('75','10','75','09'),
    ('75','15','75','09'),
    ('71','15','71','14'),
    ('71','15','61','09'),
    ('71','16','71','12'),
    ('71','16','71','14'),
    ('75','17','75','10'),
    ('75','18','71','13'),
    ('75','18','71','16'),
    ('75','18','75','17'),
    ('71','20','71','15'),
    ('71','46','71','13'),
    ('75','12','61','03'),
    ('75','12','61','08'),
    ('75','12','75','41'),
    ('75','14','61','07'),
    ('75','16','75','14'),
    ('75','19','75','08'),
    ('75','20','75','08'),
    ('75','22','75','08'),
    ('75','23','75','41'),
    ('75','24','75','41'),
    ('75','26','61','09'),
    ('75','27','75','07'),
    ('75','29','61','07'),
    ('75','29','75','41'),
    ('75','32','71','13'),
    ('75','32','75','10'),
    ('75','32','75','15'),
    ('75','33','75','08'),
    ('75','33','75','15'),
    ('75','34','75','33'),
    ('75','36','75','15'),
    ('75','38','75','12'),
    ('75','39','75','08'),
    ('75','39','75','09'),
    ('75','50','61','09'),
    ('75','50','71','14'),
    ('75','71','75','07'),
    ('75','72','75','41'),
    ('75','72','75','06'),
    ('61','06','61','03'),
    ('62','03','61','03'),
    ('62','03','62','01'),
    ('63','11','63','01'),
    ('64','04','61','03'),
    ('64','04','61','08'),
    ('64','04','62','01'),
    ('65','03','61','08'),
    ('65','03','62','03'),
    ('67','52','62','03'),
    ('72','01','63','11'),
    ('72','01','64','04'),
    ('75','12','61','03'),
    ('75','12','61','08'),
    ('75','12','75','01'),
    ('67','12','64','04'),
    ('67','12','67','03'),
    ('67','51','67','52'),
    ('69','03','61','03'),
    ('69','03','61','08'),
    ('69','03','62','01'),
    ('71','03','61','06'),
    ('71','04','61','06'),
    ('71','04','71','01'),
    ('71','05','71','04'),
    ('71','06','71','01'),
    ('72','02','67','52'),
    ('72','02','69','03'),
    ('72','02','72','01'),
    ('71','07','71','03'),
    ('72','04','67','03'),
    ('72','04','67','12'),
    ('72','04','71','05'),
    ('72','04','72','01'),
    ('72','18','72','02'),
    ('71','08','71','05'),
    ('72','05','64','04'),
    ('72','05','72','18'),
    ('72','06','65','03'),
    ('72','06','67','12'),
    ('72','06','72','18'),
    ('77','01','72','02'),
    ('71','50','71','05'),
    ('71','50','71','06'),
    ('72','07','65','03'),
    ('72','07','71','05'),
    ('72','07','72','18'),
    ('72','99','71','08'),
    ('72','99','72','02'),
    ('72','99','72','05'),
    ('72','99','72','18'),
    ('71','51','71','50'),
    ('77','02','77','01'),
    ('61','10','61','03'),
    ('61','10','61','08'),
    ('62','06','61','03'),
    ('62','06','61','08'),
    ('62','06','62','01'),
    ('62','07','61','10'),
    ('62','07','62','06'),
    ('62','13','61','08'),
    ('62','13','62','03'),
    ('62','13','63','01'),
    ('67','17','63','11'),
    ('67','17','67','03'),
    ('67','17','67','12'),
    ('71','32','71','07'),
    ('71','33','71','08'),
    ('71','34','71','51'),
    ('71','35','71','03'),
    ('71','36','71','03'),
    ('71','36','71','08'),
    ('71','37','71','08'),
    ('71','43','71','08'),
    ('71','44','71','05'),
    ('71','45','71','08'),
    ('72','09','72','18'),
    ('72','10','72','18'),
    ('72','11','72','18'),
    ('72','12','72','02'),
    ('72','13','72','01'),
    ('72','14','71','05'),
    ('72','14','72','01'),
    ('72','15','72','18'),
    ('72','17','72','18'),
    ('61','13','61','03'),
    ('61','13','61','08'),
    ('62','03','61','03'),
    ('62','03','62','01'),
    ('62','06','61','03'),
    ('62','06','61','08'),
    ('62','06','62','01'),
    ('64','11','62','01'),
    ('64','11','67','02'),
    ('67','07','67','02'),
    ('67','13','63','01'),
    ('75','12','61','03'),
    ('75','12','61','08'),
    ('75','12','75','01'),
    ('64','12','61','03'),
    ('64','12','61','08'),
    ('64','12','64','11'),
    ('64','12','67','13'),
    ('67','04','61','08'),
    ('67','04','62','03'),
    ('67','11','62','06'),
    ('67','14','63','01'),
    ('67','14','67','13'),
    ('65','04','62','03'),
    ('67','15','67','07'),
    ('67','15','67','11'),
    ('67','16','67','14'),
    ('67','17','67','07'),
    ('67','17','67','11'),
    ('67','17','67','14'),
    ('67','18','67','04'),
    ('65','06','65','04'),
    ('66','03','65','04'),
    ('67','19','67','04'),
    ('67','19','67','11'),
    ('67','20','67','11'),
    ('67','20','67','18'),
    ('67','21','62','06'),
    ('67','21','67','18'),
    ('64','13','64','12'),
    ('67','22','61','13'),
    ('67','22','67','21'),
    ('71','01','61','03'),
    ('77','05','67','21'),
    ('67','28','66','03'),
    ('67','28','67','18'),
    ('67','24','65','06'),
    ('67','24','67','18'),
    ('77','01','77','05'),
    ('61','06','61','03'),
    ('62','07','61','13'),
    ('62','07','62','06'),
    ('64','14','64','13'),
    ('64','15','64','13'),
    ('64','16','64','13'),
    ('67','25','64','12'),
    ('67','25','67','11'),
    ('67','26','67','21'),
    ('67','27','67','15'),
    ('67','27','67','17'),
    ('67','29','62','06'),
    ('67','29','67','25'),
    ('67','29','67','27'),
    ('67','29','67','28'),
    ('67','30','63','01'),
    ('67','30','67','04'),
    ('67','31','67','04'),
    ('67','32','67','18'),
    ('67','32','67','31'),
    ('67','33','67','30'),
    ('67','33','67','31'),
    ('67','34','67','32'),
    ('67','34','67','33'),
    ('67','40','67','13'),
    ('67','40','67','26'),
    ('67','40','67','27'),
    ('67','41','67','19'),
    ('67','41','67','25'),
    ('67','42','67','27'),
    ('67','43','62','06'),
    ('67','43','67','22'),
    ('67','44','67','33'),
    ('67','45','67','33'),
    ('67','45','67','22'),
    ('67','46','67','34'),
    ('67','47','67','13'),
    ('67','47','67','16'),
    ('67','48','67','13'),
    ('67','48','67','16'),
    ('67','49','61','03'),
    ('67','49','62','03'),
    ('67','49','63','01'),
    ('67','50','67','13'),
    ('67','56','67','04'),
    ('67','56','61','08'),
    ('67','58','64','13'),
    ('67','58','67','18'),
    ('67','58','75','12'),
    ('67','59','64','13'),
    ('67','59','67','18'),
    ('67','59','67','60'),
    ('67','60','61','03'),
    ('67','60','61','08'),
    ('67','61','61','08'),
    ('67','61','67','02'),
    ('67','62','67','58'),
    ('67','62','67','59'),
    ('62','03','61','03'),
    ('62','03','62','01'),
    ('62','06','61','03'),
    ('62','06','61','08'),
    ('62','06','62','01'),
    ('64','11','62','01'),
    ('64','11','67','02'),
    ('67','07','67','02'),
    ('67','13','63','01'),
    ('75','12','61','03'),
    ('75','12','61','08'),
    ('75','12','75','01'),
    ('61','06','61','03'),
    ('64','12','61','03'),
    ('64','12','61','08'),
    ('64','12','64','11'),
    ('64','12','67','13'),
    ('67','04','61','08'),
    ('67','04','62','03'),
    ('71','23','61','03'),
    ('73','01','64','11'),
    ('73','01','67','02'),
    ('67','39','67','07'),
    ('65','30','62','03'),
    ('66','04','62','03'),
    ('67','18','67','04'),
    ('73','02','73','01'),
    ('66','05','66','04'),
    ('73','03','73','01'),
    ('73','04','64','13'),
    ('73','04','73','02'),
    ('73','05','67','04'),
    ('73','40','73','01'),
    ('73','40','73','02'),
    ('61','16','61','03'),
    ('61','16','61','08'),
    ('64','13','64','12'),
    ('67','12','64','12'),
    ('73','06','64','13'),
    ('73','06','73','07'),
    ('73','06','73','12'),
    ('73','07','73','02'),
    ('73','09','73','03'),
    ('73','09','73','05'),
    ('73','09','73','07'),
    ('73','10','73','09'),
    ('73','11','67','04'),
    ('73','12','67','04'),
    ('73','41','73','40'),
    ('64','14','64','13'),
    ('64','15','64','13'),
    ('64','16','64','13'),
    ('67','38','67','02'),
    ('67','38','67','13'),
    ('67','61','61','08'),
    ('67','61','67','02'),
    ('71','07','71','31'),
    ('71','31','73','02'),
    ('71','34','71','50'),
    ('71','34','71','51'),
    ('71','36','61','06'),
    ('71','36','73','07'),
    ('71','38','73','07'),
    ('71','50','71','31'),
    ('71','51','71','50'),
    ('73','14','73','02'),
    ('73','15','73','05'),
    ('73','15','73','11'),
    ('73','15','73','12'),
    ('73','16','73','07'),
    ('77','01','73','02'),
    ('77','02','73','09'),
    ('63','07','63','06'),
    ('76','03','61','14'),
    ('76','03','76','01'),
    ('76','12','63','04'),
    ('76','40','63','04'),
    ('76','04','76','03'),
    ('76','05','63','06'),
    ('76','05','76','03'),
    ('CEX','1','76','03'),
    ('CEX','1','76','12'),
    ('CEX','1','76','40'),
    ('63','05','63','03'),
    ('65','43','76','05'),
    ('CEX','3','CEX','1'),
    ('CEX','2','76','40'),
    ('CEX','2','CEX','1'),
    ('76','08','63','07'),
    ('76','08','75','12'),
    ('76','08','76','05'),
    ('76','42','76','05'),
    ('77','41','76','05'),
    ('FYB','1','CEX','1'),
    ('CEX','4','63','05'),
    ('CEX','4','CEX','1'),
    ('71','55','CEX','3'),
    ('76','41','76','08'),
    ('76','41','76','12'),
    ('CEX','5','63','05'),
    ('CEX','5','CEX','1'),
    ('76','43','76','04'),
    ('76','43','76','05'),
    ('FYB','2','76','40'),
    ('71','56','71','55'),
    ('71','56','FYB','1'),
    ('CEX','6','76','12'),
    ('CEX','7','CEX','3'),
    ('AG','1','CEX','5'),
    ('CEX','8','CEX','3'),
    ('71','03','61','06'),
    ('71','31','71','55'),
    ('71','31','CEX','3'),
    ('71','33','71','55'),
    ('71','33','CEX','3'),
    ('71','43','71','55'),
    ('71','43','CEX','3'),
    ('72','14','71','55'),
    ('72','14','CEX','3'),
    ('71','44','71','55'),
    ('71','44','FYB','1'),
    ('76','19','76','41'),
    ('FYB','3','71','55'),
    ('71','57','61','14'),
    ('61','10','61','03'),
    ('61','10','61','08'),
    ('62','03','61','03'),
    ('62','03','62','01'),
    ('61','09','61','03'),
    ('61','09','61','08'),
    ('62','05','61','08'),
    ('62','05','62','03'),
    ('62','05','63','01'),
    ('66','01','61','08'),
    ('66','01','75','02'),
    ('66','02','62','03'),
    ('66','06','61','10'),
    ('66','06','62','03'),
    ('66','74','61','09'),
    ('66','74','66','06'),
    ('66','08','62','05'),
    ('66','08','66','02'),
    ('66','08','66','06'),
    ('66','09','66','01'),
    ('66','09','66','02'),
    ('66','10','66','74'),
    ('66','10','66','08'),
    ('66','44','66','09'),
    ('66','44','66','10'),
    ('61','17','61','07'),
    ('61','18','61','03'),
    ('61','18','61','08'),
    ('61','19','61','10'),
    ('61','21','61','03'),
    ('61','21','61','08'),
    ('62','09','62','03'),
    ('62','10','62','05'),
    ('62','11','61','10'),
    ('62','11','62','01'),
    ('65','06','66','06'),
    ('66','75','61','09'),
    ('66','75','66','06'),
    ('66','17','66','01'),
    ('66','18','66','74'),
    ('66','19','66','01'),
    ('66','19','66','08'),
    ('66','20','66','09'),
    ('66','21','66','74'),
    ('66','22','66','02'),
    ('66','22','66','74'),
    ('66','22','66','75'),
    ('66','23','66','74'),
    ('66','23','66','75'),
    ('66','24','66','01'),
    ('66','24','66','74'),
    ('66','24','66','15'),
    ('66','25','62','05'),
    ('66','26','66','20'),
    ('66','27','66','18'),
    ('66','27','66','10'),
    ('66','27','65','06'),
    ('66','28','66','18'),
    ('66','29','66','18'),
    ('66','30','66','18'),
    ('66','31','66','18'),
    ('66','32','62','11'),
    ('66','32','66','18'),
    ('66','33','66','09'),
    ('66','78','66','74'),
    ('66','78','66','75'),
    ('66','35','61','07'),
    ('66','35','66','17'),
    ('66','79','66','21'),
    ('66','79','66','78'),
    ('66','38','66','74'),
    ('66','38','66','75'),
    ('66','39','66','38'),
    ('66','80','66','09'),
    ('66','80','66','78'),
    ('66','81','66','10'),
    ('66','81','66','78'),
    ('66','42','66','21'),
    ('66','42','66','78'),
    ('66','43','66','10'),
    ('66','45','66','10'),
    ('66','45','66','02'),
    ('66','46','66','74'),
    ('66','47','66','38'),
    ('66','47','66','51'),
    ('66','49','66','74'),
    ('66','49','63','01'),
    ('66','50','66','08'),
    ('66','51','66','74'),
    ('66','51','66','15'),
    ('66','53','66','18'),
    ('66','53','66','10'),
    ('66','82','62','09'),
    ('66','55','66','18'),
    ('66','56','66','18'),
    ('66','57','62','09'),
    ('66','76','66','10'),
    ('66','76','66','74'),
    ('66','77','66','74'),
    ('66','77','66','75'),
    ('66','61','66','08'),
    ('66','62','66','21'),
    ('66','63','66','74'),
    ('66','63','66','75'),
    ('66','64','66','28'),
    ('66','65','66','28'),
    ('66','67','66','10'),
    ('66','68','66','67'),
    ('66','69','66','74'),
    ('66','69','66','09'),
    ('66','71','61','10'),
    ('66','71','75','04'),
    ('66','72','66','75'),
    ('66','72','66','49'),
    ('66','73','66','10'),
    ('66','73','66','49'),
    ('71','01','61','03'),
    ('71','04','61','09'),
    ('71','05','71','04'),
    ('71','07','61','08'),
    ('71','23','61','03'),
    ('71','36','61','09'),
    ('75','04','75','02'),
    ('75','08','66','20'),
    ('75','08','75','04'),
    ('75','12','61','03'),
    ('75','12','61','08'),
    ('75','12','75','02'),
    ('75','22','75','08'),
    ('75','23','75','04'),
    ('75','23','61','07'),
    ('75','28','75','04'),
    ('75','29','61','07'),
    ('75','29','75','04'),
    ('75','30','75','29'),
    ('75','31','75','04'),
    ('75','34','66','21'),
    ('75','34','75','08'),
    ('75','34','75','28'),
    ('75','38','75','12'),
    ('62','03','61','03'),
    ('62','03','62','01'),
    ('70','15','61','03'),
    ('61','06','61','03'),
    ('71','24','71','02'),
    ('70','07','61','03'),
    ('70','09','70','08'),
    ('70','09','70','02'),
    ('70','12','70','08'),
    ('70','18','71','24'),
    ('70','18','70','31'),
    ('70','11','70','07'),
    ('70','11','70','09'),
    ('70','13','70','12'),
    ('70','14','70','09'),
    ('70','19','70','09'),
    ('70','19','71','24'),
    ('70','16','70','14'),
    ('70','16','70','07'),
    ('70','30','70','15'),
    ('70','30','75','01'),
    ('68','06','70','09'),
    ('68','11','68','06'),
    ('68','11','70','18'),
    ('70','06','62','01'),
    ('70','17','70','13'),
    ('70','20','70','14'),
    ('70','24','70','09'),
    ('70','26','70','09'),
    ('70','27','70','18'),
    ('70','32','70','09'),
    ('70','32','70','15'),
    ('70','32','70','30'),
    ('71','23','61','03'),
    ('71','30','71','24'),
    ('75','12','61','03'),
    ('75','12','75','01'),
    ('77','02','70','15'),
    ('64','01','61','03'),
    ('64','01','62','01'),
    ('71','23','61','03'),
    ('62','03','61','03'),
    ('62','03','62','01'),
    ('64','02','61','08'),
    ('64','02','64','01'),
    ('64','07','64','02'),
    ('69','01','61','03'),
    ('69','01','62','01'),
    ('70','29','62','01'),
    ('70','29','70','03'),
    ('64','03','63','01'),
    ('64','03','64','02'),
    ('64','08','64','02'),
    ('75','12','61','03'),
    ('75','12','61','08'),
    ('75','12','75','01'),
    ('65','05','61','08'),
    ('65','05','62','03'),
    ('74','01','64','03'),
    ('74','01','64','07'),
    ('74','04','62','03'),
    ('74','04','64','03'),
    ('74','04','64','02'),
    ('74','04','65','05'),
    ('61','06','61','03'),
    ('74','05','74','01'),
    ('74','05','64','08'),
    ('74','11','64','08'),
    ('74','11','74','01'),
    ('71','11','71','23'),
    ('71','11','74','01'),
    ('71','11','74','04'),
    ('77','09','71','11'),
    ('64','10','64','07'),
    ('64','14','64','07'),
    ('64','16','64','07'),
    ('64','17','61','06'),
    ('64','17','64','07'),
    ('64','17','64','03'),
    ('64','17','75','12'),
    ('64','18','61','06'),
    ('64','18','64','10'),
    ('64','18','75','12'),
    ('64','19','61','12'),
    ('64','19','64','18'),
    ('61','12','61','03'),
    ('61','12','61','08'),
    ('67','04','62','03'),
    ('67','04','61','08'),
    ('68','01','64','03'),
    ('68','01','64','08'),
    ('68','01','68','07'),
    ('68','02','68','07'),
    ('68','03','64','08'),
    ('68','03','68','07'),
    ('68','04','68','07'),
    ('68','05','68','07'),
    ('68','08','68','07'),
    ('68','09','68','07'),
    ('69','02','69','01'),
    ('69','04','69','01'),
    ('69','05','69','01'),
    ('69','06','69','01'),
    ('69','07','69','01'),
    ('69','08','69','01'),
    ('69','09','69','01'),
    ('69','10','69','01'),
    ('69','11','69','01'),
    ('74','07','62','03'),
    ('74','07','65','05'),
    ('74','07','74','04'),
    ('74','08','69','04'),
    ('74','08','74','01'),
    ('74','08','74','11'),
    ('74','09','74','04'),
    ('74','10','74','03'),
    ('74','12','64','03'),
    ('74','12','64','07'),
    ('74','13','74','12'),
    ('74','14','64','02'),
    ('74','14','64','03'),
    ('74','15','74','01'),
    ('74','15','74','04'),
    ('74','16','64','03'),
    ('74','16','64','07'),
    ('74','16','74','12'),
    ('74','17','74','04'),
    ('74','17','74','05'),
    ('74','18','64','08'),
    ('74','18','74','01'),
    ('74','19','74','12'),
    ('74','19','74','18'),
    ('74','21','64','03'),
    ('74','21','74','01'),
    ('61','06','61','03'),
    ('62','03','61','03'),
    ('62','03','62','01'),
    ('64','01','61','03'),
    ('64','01','62','01'),
    ('70','29','62','01'),
    ('70','29','70','03'),
    ('75','12','61','03'),
    ('75','12','61','08'),
    ('75','12','75','01'),
    ('64','02','61','08'),
    ('64','02','64','01'),
    ('69','01','61','03'),
    ('69','01','62','01'),
    ('64','03','63','01'),
    ('64','03','64','02'),
    ('64','07','64','02'),
    ('65','05','61','08'),
    ('65','05','62','03'),
    ('71','23','61','03'),
    ('64','08','64','02'),
    ('74','01','64','03'),
    ('74','01','64','07'),
    ('71','11','71','23'),
    ('71','11','74','01'),
    ('71','11','74','04'),
    ('74','04','62','03'),
    ('74','04','64','03'),
    ('74','04','64','02'),
    ('74','04','65','05'),
    ('74','05','74','01'),
    ('74','05','64','08'),
    ('74','11','64','08'),
    ('74','11','74','01'),
    ('77','09','71','11'),
    ('61','12','61','03'),
    ('61','12','61','08'),
    ('64','10','64','07'),
    ('64','14','64','07'),
    ('64','16','64','07'),
    ('64','17','61','06'),
    ('64','17','64','07'),
    ('64','17','64','03'),
    ('64','17','75','12'),
    ('64','18','61','06'),
    ('64','18','64','10'),
    ('64','18','75','12'),
    ('64','19','61','12'),
    ('64','19','64','18'),
    ('67','04','62','03'),
    ('67','04','61','08'),
    ('69','02','69','01'),
    ('69','04','69','01'),
    ('69','11','69','01'),
    ('74','07','62','03'),
    ('74','07','65','05'),
    ('74','07','74','04'),
    ('74','08','69','04'),
    ('74','08','74','01'),
    ('74','08','74','11'),
    ('74','09','74','04'),
    ('74','10','74','03'),
    ('74','21','64','03'),
    ('74','21','74','01'),
    ('68','01','64','03'),
    ('68','01','64','08'),
    ('68','01','68','07'),
    ('68','02','68','07'),
    ('68','03','64','08'),
    ('68','03','68','07'),
    ('68','04','68','07'),
    ('68','05','68','07'),
    ('68','08','68','07'),
    ('68','09','68','07'),
    ('69','05','69','01'),
    ('69','06','69','01'),
    ('69','07','69','01'),
    ('69','08','69','01'),
    ('69','09','69','01'),
    ('69','10','69','01'),
    ('74','12','64','03'),
    ('74','12','64','07'),
    ('74','13','74','12'),
    ('74','14','64','02'),
    ('74','14','64','03'),
    ('74','15','74','01'),
    ('74','15','74','04'),
    ('74','16','64','03'),
    ('74','16','64','07'),
    ('74','16','74','12'),
    ('74','17','74','04'),
    ('74','17','74','05'),
    ('74','18','64','08'),
    ('74','18','74','01'),
    ('74','19','74','12'),
    ('74','19','74','18'),
    ('62','04','61','03'),
    ('62','04','62','01'),
    ('63','03','63','02'),
    ('63','04','63','02'),
    ('75','12','61','03'),
    ('75','12','61','08'),
    ('75','12','75','01'),
    ('76','01','61','03'),
    ('76','01','61','08'),
    ('76','01','63','02'),
    ('76','01','63','03'),
    ('76','01','75','01'),
    ('61','14','61','03'),
    ('61','14','61','08'),
    ('76','02','76','01'),
    ('63','05','63','03'),
    ('63','07','63','06'),
    ('76','03','61','14'),
    ('76','03','76','02'),
    ('76','04','76','03'),
    ('76','05','63','06'),
    ('76','05','76','03'),
    ('65','43','62','04'),
    ('65','43','76','02'),
    ('76','08','63','07'),
    ('76','08','76','05'),
    ('76','08','75','12'),
    ('77','07','62','04'),
    ('77','07','76','02'),
    ('76','09','76','04'),
    ('76','09','76','05'),
    ('77','08','76','05'),
    ('76','99','76','04'),
    ('76','99','76','05'),
    ('61','06','61','03'),
    ('62','13','62','04'),
    ('62','18','76','03'),
    ('63','08','62','04'),
    ('63','08','63','05'),
    ('63','09','63','04'),
    ('63','10','63','07'),
    ('64','04','61','03'),
    ('64','04','61','08'),
    ('64','04','62','01'),
    ('67','13','63','04'),
    ('67','57','67','58'),
    ('67','58','76','03'),
    ('67','58','75','12'),
    ('67','59','67','60'),
    ('67','59','76','03'),
    ('67','60','61','03'),
    ('67','60','61','08'),
    ('75','38','75','12'),
    ('76','11','76','05'),
    ('76','11','75','12'),
    ('76','12','63','04'),
    ('76','12','76','02'),
    ('76','13','76','12'),
    ('76','16','63','07'),
    ('76','16','76','03'),
    ('76','17','76','16'),
    ('76','18','63','07'),
    ('76','19','76','13'),
    ('76','20','76','08'),
    ('76','22','76','03'),
    ('76','23','76','22'),
    ('76','24','76','22'),
    ('76','26','76','02'),
    ('76','26','76','03'),
    ('76','27','61','06'),
    ('76','28','76','03'),
    ('76','29','76','05'),
    ('76','30','76','04'),
    ('76','31','76','05'),
    ('76','50','76','05'),
    ('76','32','76','04'),
    ('76','32','76','05'),
    ('76','32','76','12'),
    ('76','33','76','32'),
    ('62','03','61','03'),
    ('62','03','62','01'),
    ('75','41','75','40'),
    ('62','15','61','08'),
    ('62','15','62','03'),
    ('62','15','63','01'),
    ('66','02','62','03'),
    ('66','70','61','08'),
    ('66','70','62','03'),
    ('66','70','75','41'),
    ('75','07','75','41'),
    ('75','12','61','08'),
    ('75','12','61','03'),
    ('75','12','75','41'),
    ('61','09','61','03'),
    ('61','09','61','08'),
    ('61','10','61','03'),
    ('61','10','61','08'),
    ('66','20','66','02'),
    ('66','20','66','70'),
    ('75','06','66','70'),
    ('75','06','75','41'),
    ('75','42','66','70'),
    ('75','42','75','12'),
    ('75','42','75','41'),
    ('71','12','75','06'),
    ('71','14','61','10'),
    ('71','14','62','03'),
    ('71','14','63','01'),
    ('71','14','75','42'),
    ('75','08','75','06'),
    ('75','09','75','07'),
    ('75','09','75','42'),
    ('75','10','75','08'),
    ('75','10','75','09'),
    ('75','15','75','06'),
    ('75','15','75','09'),
    ('75','43','66','20'),
    ('75','43','62','15'),
    ('75','43','75','08'),
    ('75','52','71','14'),
    ('75','52','75','07'),
    ('75','52','75','42'),
    ('71','13','71','12'),
    ('75','44','71','12'),
    ('75','44','75','10'),
    ('75','45','75','10'),
    ('75','46','75','44'),
    ('75','47','75','44'),
    ('75','47','75','45'),
    ('75','48','75','45'),
    ('66','06','61','10'),
    ('66','06','62','03'),
    ('66','74','61','09'),
    ('66','74','66','06'),
    ('75','59','75','08'),
    ('75','74','61','10'),
    ('75','74','75','43'),
    ('75','74','75','59'),
    ('75','61','66','74'),
    ('75','61','75','74'),
    ('64','05','61','03'),
    ('64','05','61','08'),
    ('72','01','63','01'),
    ('72','01','64','05'),
    ('75','65','75','15'),
    ('75','65','75','52'),
    ('75','66','75','65'),
    ('75','67','61','08'),
    ('75','68','75','65'),
    ('75','68','75','67'),
    ('61','18','61','03'),
    ('61','18','61','08'),
    ('61','19','61','10'),
    ('62','11','61','10'),
    ('62','11','62','01'),
    ('66','08','62','15'),
    ('66','08','66','02'),
    ('66','08','66','06'),
    ('66','09','66','02'),
    ('66','09','66','70'),
    ('66','17','66','70'),
    ('66','18','66','74'),
    ('66','19','66','08'),
    ('66','19','66','70'),
    ('66','24','66','74'),
    ('66','24','66','75'),
    ('66','24','66','70'),
    ('66','26','66','20'),
    ('66','32','62','11'),
    ('66','32','66','18'),
    ('66','35','61','07'),
    ('66','35','66','17'),
    ('66','46','66','74'),
    ('66','47','61','09'),
    ('66','47','66','74'),
    ('66','49','66','74'),
    ('66','49','63','01'),
    ('66','55','66','18'),
    ('66','63','66','75'),
    ('66','63','66','75'),
    ('66','69','75','43'),
    ('66','71','61','10'),
    ('66','71','75','41'),
    ('66','75','61','09'),
    ('66','75','61','09'),
    ('67','61','61','08'),
    ('67','61','75','07'),
    ('71','15','61','09'),
    ('71','15','71','14'),
    ('71','20','71','15'),
    ('71','41','71','15'),
    ('71','42','71','46'),
    ('71','46','71','13'),
    ('75','14','61','09'),
    ('75','16','75','14'),
    ('75','26','61','09'),
    ('75','29','61','07'),
    ('75','29','75','41'),
    ('75','30','75','29'),
    ('75','31','75','41'),
    ('75','38','75','52'),
    ('75','50','61','09'),
    ('75','50','71','14'),
    ('75','51','75','52'),
    ('75','51','75','15'),
    ('75','53','75','51'),
    ('75','54','75','48'),
    ('75','54','75','53'),
    ('75','55','75','46'),
    ('75','55','75','47'),
    ('75','55','75','48'),
    ('75','56','75','46'),
    ('75','56','75','48'),
    ('75','57','75','46'),
    ('75','57','75','48'),
    ('75','58','75','46'),
    ('75','58','75','48'),
    ('75','63','75','74'),
    ('75','64','66','74'),
    ('75','64','75','74'),
    ('75','69','75','67'),
    ('75','70','61','03'),
    ('75','70','61','08'),
    ('75','71','75','07'),
    ('75','72','75','06'),
    ('75','72','75','44'),
    ('75','73','75','07'),
    ('75','73','75','09');
insert into requires_credits(dept,code,amount) values ('71','01',48),
    ('72','00',140),
    ('71','22',100),
    ('71','25',100),
    ('67','23',120),
    ('67','00',140),
    ('73','00',140),
    ('67','23',120),
    ('71','27',120),
    ('66','12',140),
    ('66','00',140),
    ('66','99',140),
    ('68','07',70),
    ('71','21',120),
    ('64','00',140),
    ('68','10',140),
    ('74','03',100),
    ('68','07',70),
    ('71','21',120),
    ('64','00',140),
    ('74','03',100),
    ('68','10',140),
    ('71','28',140),
    ('76','00',140),
    ('71','31',100),
    ('76','51',190),
    ('71','40',140),
    ('75','00',140),
    ('75','99',140),
    ('71','44',140);
